Time (%),Total Time (ns),Num Calls,Avg (ns),Med (ns),Min (ns),Max (ns),StdDev (ns),Name
58.8,1757135266,107679,16318.3,1730.0,1390,12464571,294561.5,cuLaunchKernelEx
24.4,729066727,22009,33125.8,2200.0,1870,42248472,962420.1,cuMemcpyDtoDAsync_v2
12.0,357021889,12,29751824.1,29799412.0,28468240,30395536,453497.6,cuStreamSynchronize
4.6,138770632,5112,27146.1,7595.0,2950,939228,81636.3,cuGraphLaunch
0.1,1859066,480,3873.1,2065.0,1630,16951,3882.9,cudaLaunchKernel
0.1,1643643,22038,74.6,70.0,60,4110,61.6,cuStreamIsCapturing
0.0,398004,228,1745.6,1450.0,910,10520,1200.5,cuGraphExecKernelNodeSetParams_v2
0.0,169101,33,5124.3,120.0,60,163311,28398.9,cuCtxSetCurrent
0.0,86300,12,7191.7,7170.0,6440,8770,650.9,cuMemcpyDtoHAsync_v2
0.0,67810,30,2260.3,1890.0,1300,7580,1240.3,cuGraphExecMemcpyNodeSetParams
0.0,8870,2,4435.0,4435.0,530,8340,5522.5,cuEventRecord
0.0,8330,1,8330.0,8330.0,8330,8330,0.0,cuLaunchHostFunc
0.0,4520,1,4520.0,4520.0,4520,4520,0.0,cuProfilerStart
0.0,1770,1,1770.0,1770.0,1770,1770,0.0,cuStreamWaitEvent
