Time (%),Total Time (ns),Instances,Avg (ns),Med (ns),Min (ns),Max (ns),StdDev (ns),Name
19.8,592761493,32256,18376.8,18976.0,16928,767617,4878.9,loop_multiply_fusion_1
12.8,383476175,48,7989087.0,7983324.0,7949546,8241133,38417.3,input_reduce_fusion_19
5.2,154953858,12,12912821.5,12847219.0,12821234,13405427,171943.3,loop_add_and_compare_divide_maximum_or_power_select_subtract_fusion
3.5,104407192,12,8700599.3,8698365.0,8656846,8750604,27365.0,input_add_and_clamp_divide_minimum_multiply_reduce_select_subtract_fusion
2.8,83584866,288,290225.2,290209.0,282592,484320,11694.8,loop_select_fusion_1
2.5,74049122,288,257115.0,257072.5,255264,259361,688.3,loop_select_fusion_2
2.2,65757906,2016,32618.0,32976.0,29920,34784,1783.1,loop_and_clamp_select_fusion
2.1,62961565,12,5246797.1,5245975.0,5224327,5271464,12233.6,loop_add_divide_fusion_2
2.0,59227052,240,246779.4,246816.0,245952,247360,246.1,void pcrGtsvBatchSharedMemKernelLoop<double>(pcrGtsvBatchGlobalMemParams_t<T1>)
1.9,57909462,12,4825788.5,4856199.0,4737799,4964806,71283.6,input_add_and_divide_select_sqrt_transpose_fusion
1.8,52897290,240,220405.4,221664.0,195040,222528,5566.9,loop_or_select_fusion
1.6,48786217,48,1016379.5,1011473.5,1008674,1256930,35470.0,input_add_divide_dynamic_slice_multiply_power_reduce_select_subtract_fusion
1.5,46337919,12,3861493.3,3862645.0,3850694,3866086,4114.1,loop_add_compare_maximum_select_subtract_fusion
1.4,40489745,12,3374145.4,3374371.5,3365829,3378821,3235.8,input_add_compare_multiply_reduce_subtract_fusion
1.3,39990962,51552,775.7,768.0,704,173376,1074.6,loop_add_fusion_4
1.3,38089237,120,317410.3,317488.5,315777,318432,499.5,loop_add_fusion_29
1.2,36040981,120,300341.5,298032.5,295424,558593,23826.3,loop_slice_fusion_45
1.2,34595442,12,2882953.5,2886868.0,2831621,2905892,23090.3,input_add_multiply_select_sqrt_transpose_fusion
1.1,34209232,120,285076.9,285120.0,283904,286304,398.0,loop_add_compare_concatenate_fusion_1
1.1,33925649,48,706784.4,706945.0,704705,707169,602.2,loop_add_fusion_17
1.1,32216589,48,671178.9,664976.5,662881,969473,43974.4,loop_reduce_window_fusion
0.9,27758536,48,578302.8,576801.0,540353,617281,29115.7,input_concatenate_fusion_17
0.9,27665671,12,2305472.6,2272643.0,2266019,2679523,117820.9,input_add_broadcast_compare_divide_multiply_power_select_transpose_fusion
0.9,26840999,12,2236749.9,2236131.5,2228132,2248515,5371.2,loop_add_divide_fusion
0.9,26788070,12,2232339.2,2233299.0,2227171,2233635,2310.1,loop_add_maximum_multiply_fusion
0.9,26728327,12,2227360.6,2228915.0,2177059,2267331,24978.7,input_select_transpose_fusion
0.9,26569735,12,2214144.6,2213907.5,2204739,2226500,6431.7,loop_add_divide_fusion_1
0.8,24630465,96,256567.3,254593.0,249952,499553,25106.0,loop_select_fusion_3
0.8,24120805,96,251258.4,251312.5,249984,251936,341.9,loop_select_fusion_4
0.7,22323328,120,186027.7,186048.0,184000,187744,791.3,loop_multiply_fusion_14
0.7,20412223,12,1701018.6,1681122.0,1676643,1923747,70206.2,input_add_and_divide_maximum_select_transpose_fusion
0.6,19187965,12,1598997.1,1576642.5,1572290,1849411,78870.4,loop_concatenate_multiply_subtract_fusion
0.6,19048379,60,317473.0,317409.0,316448,318849,529.3,loop_add_fusion_26
0.6,18228828,12,1519069.0,1519171.0,1514882,1522146,2309.8,loop_divide_multiply_subtract_fusion
0.6,17933626,60,298893.8,298704.5,295424,302369,1632.7,loop_slice_fusion_43
0.6,17569404,48,366029.3,365777.0,362273,369824,1654.5,loop_reverse_select_fusion_1
0.6,17490458,2016,8675.8,8960.0,7936,10976,497.2,loop_add_minimum_fusion
0.6,17127513,60,285458.5,285488.5,284384,286048,299.4,loop_add_compare_concatenate_fusion
0.6,16691544,120,139096.2,139104.0,138465,139520,210.5,loop_slice_fusion_44
0.5,16044988,48,334270.6,333952.5,330912,344353,2114.4,loop_and_fusion_9
0.5,15409454,48,321030.3,324432.5,303456,342881,13740.9,loop_maximum_select_fusion
0.5,15305141,120,127542.8,125280.0,124640,395201,24640.0,loop_add_divide_multiply_fusion_1
0.5,13784884,12,1148740.3,1148513.5,1144737,1153090,2134.8,loop_add_divide_pad_fusion
0.5,13649141,12,1137428.4,1136226.0,1133730,1145537,3349.3,loop_add_divide_pad_fusion_1
0.4,12874164,12,1072847.0,1072769.5,1066562,1077793,3322.2,loop_add_pad_fusion
0.4,12530641,12,1044220.1,1044017.0,1038369,1048258,3208.0,input_add_subtract_transpose_fusion
0.4,11359345,48,236653.0,236641.0,235360,238144,605.8,input_reduce_fusion_16
0.4,11158802,60,185980.0,186080.5,184448,187872,785.6,loop_multiply_fusion_10
0.4,10627724,240,44282.2,44240.5,43680,45280,283.7,void pcrGtsvBatchFirstPass<double>(pcrGtsvBatchGlobalMemParams_t<T1>)
0.3,10379156,2016,5148.4,4800.0,4672,7328,617.8,loop_add_divide_power_subtract_fusion
0.3,10269681,180,57053.8,57056.0,56832,57280,75.0,loop_add_multiply_subtract_fusion_1
0.3,9854027,48,205292.2,205344.0,202209,208096,1302.2,loop_slice_fusion_33
0.3,9819498,5280,1859.8,1792.0,1504,4640,401.4,loop_multiply_fusion_8
0.3,9769774,4032,2423.1,2432.0,2304,2848,47.4,loop_dynamic_update_slice_fusion_4
0.3,8659362,8064,1073.8,1056.0,1024,1472,39.9,loop_dynamic_update_slice_fusion_6
0.3,8377742,60,139629.0,139648.5,139040,140288,238.9,loop_slice_fusion_42
0.3,8287148,12,690595.7,690721.0,688513,691105,673.8,input_add_transpose_fusion
0.3,8265420,12,688785.0,688576.5,684289,692993,2956.1,input_compare_concatenate_minimum_multiply_reduce_fusion
0.3,7781389,12,648449.1,647617.0,645857,651009,1662.5,input_multiply_subtract_transpose_fusion
0.3,7508395,60,125139.9,125121.0,124512,125633,198.9,loop_add_divide_multiply_fusion
0.2,7237484,12,603123.7,603361.0,599233,607713,2345.1,loop_subtract_fusion_3
0.2,6987018,12,582251.5,582369.0,580353,582881,631.7,input_compare_reduce_select_fusion
0.2,6605771,5160,1280.2,1248.0,1184,2400,143.4,loop_subtract_fusion_2
0.2,5960554,48,124178.2,124176.5,123680,124704,267.9,loop_add_divide_minimum_multiply_fusion
0.2,5959399,12,496616.6,496752.5,494048,498017,1019.5,input_divide_minimum_multiply_reduce_fusion
0.2,5641290,360,15670.3,15680.0,15008,16480,265.6,wrapped_slice_1
0.2,5605895,3696,1516.7,1504.0,1152,2752,181.4,loop_select_fusion_6
0.2,4922439,120,41020.3,40992.5,40768,41408,125.8,loop_dynamic_update_slice_fusion_28
0.2,4909285,48,102276.8,102224.5,101697,103552,305.9,input_concatenate_fusion_14
0.2,4845000,2640,1835.2,1792.0,1376,4256,357.9,loop_multiply_fusion_7
0.2,4806793,12,400566.1,400625.0,399617,400929,363.3,loop_add_fusion_39
0.2,4706758,120,39223.0,39200.0,38912,39712,173.5,input_reduce_fusion_21
0.2,4587973,48,95582.8,95584.0,95008,96256,224.3,input_divide_pad_transpose_fusion
0.2,4557705,48,94952.2,94544.5,93759,96480,843.1,input_concatenate_fusion_8
0.1,4419141,48,92065.4,92480.0,87456,94048,1654.0,loop_slice_fusion_34
0.1,4180869,48,87101.4,87024.0,85888,89536,635.4,loop_multiply_fusion_3
0.1,4138791,120,34489.9,34496.0,33632,35616,370.0,loop_dynamic_update_slice_fusion_27
0.1,3553892,48,74039.4,74048.0,73792,74176,73.2,input_reduce_fusion_17
0.1,3487015,12,290584.6,290624.0,289825,290848,266.5,loop_add_slice_fusion
0.1,3454725,12,287893.8,287808.0,284640,290497,1938.9,input_and_compare_transpose_fusion
0.1,3446723,24,143613.5,143568.0,142880,144480,508.8,input_concatenate_fusion_50
0.1,3364547,48,70094.7,70080.0,69888,70304,105.6,loop_concatenate_divide_fusion
0.1,3271045,12,272587.1,272592.0,271232,273825,804.8,loop_multiply_negate_subtract_fusion
0.1,3247014,2580,1258.5,1216.0,1184,2432,149.2,loop_subtract_fusion_1
0.1,3166082,3984,794.7,768.0,704,4096,156.1,loop_add_fusion_9
0.1,3141639,48,65450.8,65424.0,64896,66273,341.1,loop_select_fusion_16
0.1,3133188,120,26109.9,26048.5,25408,27552,357.5,loop_concatenate_fusion_1
0.1,3119781,12,259981.8,260017.0,259104,261025,445.4,loop_add_fusion_35
0.1,3022916,12,251909.7,234640.5,233951,442624,60060.9,loop_add_divide_select_fusion
0.1,2900548,24,120856.2,120704.0,120161,121856,514.0,loop_dynamic_update_slice_fusion_35
0.1,2618309,12,218192.4,217968.0,216864,219233,720.8,loop_dynamic_update_slice_fusion_31
0.1,2618275,48,54547.4,54464.0,53632,55680,391.2,input_concatenate_fusion_22
0.1,2615046,12,217920.5,217776.5,217249,218817,479.9,loop_dynamic_update_slice_fusion_30
0.1,2571910,288,8930.2,8896.0,8192,9376,187.2,loop_add_compare_fusion
0.1,2512420,48,52342.1,52304.0,51552,53408,509.9,input_reduce_fusion_15
0.1,2505732,12,208811.0,208048.0,207040,212769,1901.7,loop_divide_fusion_3
0.1,2454979,60,40916.3,40896.0,40672,41216,111.6,loop_dynamic_update_slice_fusion_25
0.1,2396226,48,49921.4,42944.0,42624,378625,48453.9,loop_slice_fusion_31
0.1,2371683,60,39528.1,39520.0,39232,40064,170.7,input_reduce_fusion_20
0.1,2320131,12,193344.3,193136.0,190816,196448,1919.7,input_transpose_fusion_12
0.1,2309317,12,192443.1,192448.5,192097,192832,237.8,loop_divide_fusion_4
0.1,2255104,12,187925.3,187952.0,186784,188704,545.3,loop_divide_multiply_subtract_fusion_1
0.1,2243905,12,186992.1,186944.0,185600,189248,925.0,loop_divide_dynamic_update_slice_fusion
0.1,2199362,12,183280.2,183568.0,180289,185472,1531.7,loop_divide_dynamic_update_slice_fusion_1
0.1,2097668,12,174805.7,174784.5,174113,175264,310.1,loop_add_fusion_38
0.1,2085379,48,43445.4,43456.0,43168,43808,143.5,loop_slice_fusion_32
0.1,2071812,60,34530.2,34464.0,33824,35744,387.5,loop_dynamic_update_slice_fusion_24
0.1,2005802,180,11143.3,11136.0,11071,11328,51.9,input_concatenate_fusion_41
0.1,1996355,12,166362.9,166416.5,165984,166592,185.5,loop_slice_fusion_51
0.1,1992895,48,41518.6,41567.5,40928,42112,232.1,input_concatenate_fusion_30
0.1,1970273,12,164189.4,164112.0,163680,164833,350.0,input_add_reduce_fusion
0.1,1918691,24,79945.5,79856.0,79392,81089,374.9,loop_dynamic_update_slice_fusion_34
0.1,1863682,48,38826.7,38816.0,38336,39296,232.5,loop_maximum_fusion_1
0.1,1852162,120,15434.7,15392.0,14975,16576,242.8,loop_reverse_fusion_3
0.1,1846691,12,153890.9,153904.0,153248,154369,266.0,input_maximum_reduce_fusion
0.1,1714820,12,142901.7,142864.5,142368,143936,452.3,input_concatenate_fusion_51
0.1,1620483,48,33760.1,33760.0,33216,34272,242.6,input_concatenate_fusion_24
0.1,1572291,60,26204.8,26144.5,25376,27456,460.2,loop_concatenate_fusion
0.1,1549731,12,129144.3,129216.0,128576,129633,299.2,loop_pad_fusion_5
0.1,1547491,2016,767.6,768.0,736,1024,13.7,loop_broadcast_fusion
0.1,1522708,180,8459.5,8320.0,8127,9248,281.7,loop_reverse_fusion
0.0,1482498,24,61770.8,61792.0,61504,62016,114.6,loop_add_fusion_37
0.0,1482401,12,123533.4,123520.5,123136,124000,226.4,input_reduce_fusion_25
0.0,1479236,12,123269.7,123152.5,121984,125760,1016.9,loop_add_subtract_fusion
0.0,1452834,12,121069.5,121040.0,119712,122016,642.4,input_divide_transpose_fusion
0.0,1408226,12,117352.2,117328.5,117056,117632,173.1,loop_divide_fusion_5
0.0,1351779,192,7040.5,6880.0,6784,9952,570.0,loop_broadcast_fusion_9
0.0,1314753,48,27390.7,27392.0,27264,27456,48.0,loop_sqrt_fusion_4
0.0,1279841,180,7110.2,7072.0,6720,11712,365.1,loop_broadcast_fusion_4
0.0,1262913,144,8770.2,7872.0,7584,11328,1387.2,loop_slice_fusion_36
0.0,1262774,60,21046.2,21024.0,20448,22944,385.9,loop_reverse_fusion_1
0.0,1217765,96,12685.1,12848.0,11616,13824,708.9,input_concatenate_fusion_27
0.0,1197153,528,2267.3,2208.0,2016,2816,166.2,loop_multiply_fusion
0.0,1167523,48,24323.4,24320.0,23936,24832,172.0,input_concatenate_fusion_9
0.0,1132993,48,23604.0,23552.0,23328,24096,166.4,input_concatenate_fusion_10
0.0,1112609,48,23179.4,23136.0,22880,23680,178.4,input_concatenate_fusion_25
0.0,1100409,84,13100.1,10800.0,8031,22848,5232.2,wrapped_reverse_3
0.0,1092288,12,91024.0,91152.0,89280,92800,921.1,loop_add_subtract_fusion_2
0.0,1082050,48,22542.7,22560.0,22208,22944,141.6,loop_add_and_clamp_compare_divide_minimum_multiply_power_select_subtract_fusion
0.0,1049474,48,21864.0,21856.0,21696,22176,107.4,loop_select_fusion_15
0.0,1031041,12,85920.1,85920.0,85728,86144,96.5,loop_clamp_compare_divide_log_maximum_multiply_select_slice_sqrt_fusion
0.0,1030528,12,85877.3,85888.0,85440,86144,221.8,loop_multiply_fusion_22
0.0,974306,12,81192.2,81120.5,80640,82048,496.6,loop_pad_fusion_1
0.0,964641,12,80386.8,80384.0,79744,80992,414.3,loop_pad_fusion
0.0,956129,48,19919.4,19904.0,19840,20064,52.0,input_add_power_reduce_fusion
0.0,949729,12,79144.1,78864.5,78272,80384,734.0,loop_pad_fusion_4
0.0,938589,144,6518.0,6336.0,5824,7520,433.1,input_concatenate_fusion_32
0.0,932066,48,19418.0,19392.0,19264,19648,108.6,input_reduce_fusion_18
0.0,911649,48,18992.7,18944.0,18592,19552,258.8,loop_add_multiply_subtract_fusion
0.0,902018,12,75168.2,75152.0,74912,75456,200.4,loop_divide_fusion_90
0.0,901988,12,75165.7,75136.0,75008,75393,108.1,loop_divide_fusion_89
0.0,892706,48,18598.0,18592.0,18368,19168,152.5,input_concatenate_fusion_23
0.0,891777,12,74314.8,74288.0,73953,74752,215.7,loop_divide_fusion_2
0.0,887392,48,18487.3,18480.0,18400,18720,57.4,input_multiply_reduce_fusion
0.0,875810,12,72984.2,72912.0,72352,74240,496.6,loop_convert_subtract_fusion
0.0,869442,12,72453.5,72400.5,72096,72992,256.0,loop_multiply_fusion_25
0.0,865345,120,7211.2,7200.0,6912,7584,140.0,loop_add_divide_multiply_slice_fusion_1
0.0,859428,180,4774.6,4752.0,4384,5312,188.4,loop_divide_multiply_fusion
0.0,845059,96,8802.7,8768.0,8544,9280,162.4,loop_add_compare_fusion_1
0.0,836579,96,8714.4,8608.0,7648,10144,875.0,input_concatenate_fusion_31
0.0,831651,12,69304.3,69280.5,68736,69792,275.9,loop_add_fusion_34
0.0,829313,516,1607.2,1504.0,1376,3328,282.3,loop_subtract_fusion
0.0,815040,48,16980.0,17200.0,15744,17792,629.9,loop_divide_maximum_fusion
0.0,794561,48,16553.4,16544.0,16480,16832,74.7,loop_reduce_window_fusion_1
0.0,784960,48,16353.3,16336.0,15808,17120,264.0,input_concatenate_fusion_20
0.0,763651,12,63637.6,63425.0,62880,66049,834.8,loop_add_fusion_48
0.0,741792,12,61816.0,62016.0,60160,62880,846.3,input_and_transpose_fusion
0.0,724321,12,60360.1,60336.5,60224,60480,87.5,loop_subtract_fusion_7
0.0,704888,48,14685.2,14688.0,14399,14912,115.1,loop_dynamic_update_slice_fusion_19
0.0,695072,12,57922.7,57952.0,57760,58144,103.4,loop_reduce_window_fusion_2
0.0,694622,48,14471.3,14272.0,13824,15616,478.4,loop_slice_fusion_39
0.0,675425,12,56285.4,56176.0,55296,58304,858.8,loop_add_subtract_fusion_3
0.0,660289,12,55024.1,55040.5,54304,55648,431.0,loop_divide_multiply_slice_fusion
0.0,657410,12,54784.2,54736.0,54272,55681,383.1,loop_divide_multiply_slice_fusion_4
0.0,649716,240,2707.2,2592.0,2560,5312,536.5,loop_divide_fusion
0.0,634210,12,52850.8,52880.5,51456,54017,671.3,input_transpose_fusion_9
0.0,609920,48,12706.7,12688.0,12416,13088,157.9,loop_broadcast_fusion_1
0.0,609600,12,50800.0,50720.0,50464,51104,248.8,loop_abs_fusion
0.0,602660,36,16740.6,16832.0,16096,17184,295.8,loop_multiply_fusion_17
0.0,582464,24,24269.3,24320.0,20128,28704,3737.7,loop_subtract_fusion_4
0.0,574786,48,11974.7,11952.0,11616,12512,221.1,input_concatenate_fusion_18
0.0,556481,12,46373.4,46432.0,45024,48128,981.3,input_transpose_fusion_4
0.0,556194,48,11587.4,11552.0,10944,13184,355.7,loop_slice_fusion_38
0.0,554272,48,11547.3,11552.0,11360,11744,108.3,input_concatenate_fusion_13
0.0,554049,48,11542.7,11520.0,11296,11872,126.9,loop_slice_fusion_40
0.0,549888,12,45824.0,45744.0,44704,47296,812.5,input_transpose_fusion_11
0.0,547328,12,45610.7,45568.0,45376,45888,182.7,loop_multiply_fusion_21
0.0,544960,24,22706.7,22656.0,20736,25696,1206.0,loop_pad_fusion_7
0.0,537408,12,44784.0,44752.0,44544,45120,190.3,loop_multiply_fusion_20
0.0,526784,180,2926.6,2880.0,2720,3456,135.4,loop_multiply_fusion_9
0.0,498560,12,41546.7,41568.0,41216,41728,161.6,loop_multiply_subtract_fusion
0.0,492256,48,10255.3,10224.0,9856,10720,205.8,input_concatenate_fusion_16
0.0,488929,48,10186.0,10272.0,8960,11104,899.2,loop_add_fusion_18
0.0,488769,48,10182.7,10176.0,9952,10400,107.0,input_concatenate_fusion_37
0.0,470530,12,39210.8,39248.0,38848,39456,167.3,input_reduce_fusion_24
0.0,468960,12,39080.0,39264.0,37344,40288,930.4,input_transpose_fusion_10
0.0,463650,96,4829.7,4832.0,4704,4960,68.0,loop_multiply_select_fusion
0.0,463392,24,19308.0,19328.0,16768,21568,1948.1,input_concatenate_fusion_46
0.0,456513,12,38042.8,37984.0,35968,39584,942.3,input_transpose_fusion_5
0.0,454817,12,37901.4,37936.0,35744,39808,1042.5,loop_transpose_fusion
0.0,449917,48,9373.3,9408.0,8928,10016,234.9,input_concatenate_fusion_38
0.0,439456,12,36621.3,36592.0,36224,36992,249.5,input_transpose_fusion_3
0.0,426882,60,7114.7,7088.0,6752,7584,174.4,loop_add_divide_multiply_slice_fusion
0.0,409568,48,8532.7,8528.0,8128,8960,183.9,input_concatenate_fusion_35
0.0,405793,12,33816.1,33840.0,33472,34144,227.6,loop_add_divide_multiply_subtract_fusion
0.0,396160,288,1375.6,1344.0,1056,2208,164.8,loop_compare_fusion_8
0.0,395264,12,32938.7,32848.0,32288,34016,534.1,loop_and_transpose_fusion
0.0,391073,48,8147.4,8128.0,7936,8448,136.0,loop_multiply_fusion_5
0.0,388448,12,32370.7,32048.0,31616,33632,762.3,input_concatenate_fusion_47
0.0,379328,12,31610.7,31616.0,31488,31680,59.2,loop_divide_multiply_slice_fusion_5
0.0,369474,12,30789.5,30848.0,30208,31393,328.0,input_concatenate_fusion_48
0.0,362944,12,30245.3,30240.0,29312,31168,619.4,loop_slice_fusion_47
0.0,356674,48,7430.7,7408.5,7296,7776,99.7,input_concatenate_fusion_12
0.0,356095,48,7418.6,7424.0,7200,7680,96.4,input_concatenate_fusion_11
0.0,347744,12,28978.7,28992.0,28800,29056,67.5,loop_divide_multiply_slice_fusion_1
0.0,346880,12,28906.7,28928.0,28768,28960,47.9,loop_clamp_fusion
0.0,343618,12,28634.8,28576.5,27488,30720,973.8,loop_slice_fusion_52
0.0,343393,12,28616.1,28592.0,28416,28832,131.0,loop_divide_fusion_88
0.0,340480,24,14186.7,14048.0,12544,16864,1590.1,input_concatenate_fusion_45
0.0,309440,48,6446.7,6432.0,6240,6752,89.0,input_concatenate_fusion_19
0.0,306880,12,25573.3,25568.0,25344,25792,133.6,loop_divide_multiply_slice_fusion_2
0.0,298304,12,24858.7,24848.0,24704,25024,81.7,loop_divide_multiply_fusion_3
0.0,295808,12,24650.7,24640.0,24576,24736,49.8,loop_divide_multiply_fusion_2
0.0,292544,48,6094.7,6048.0,5856,6464,165.5,input_concatenate_fusion_28
0.0,291585,12,24298.8,24272.0,24192,24544,94.9,loop_divide_multiply_fusion_4
0.0,285889,12,23824.1,23840.0,23584,24000,138.1,input_transpose_fusion_6
0.0,281920,24,11746.7,11728.0,11392,12352,236.3,loop_add_fusion_40
0.0,278368,12,23197.3,22928.0,22432,24864,709.9,input_transpose_fusion_8
0.0,266674,96,2777.9,2752.0,2656,3136,60.2,loop_dynamic_update_slice_fusion_17
0.0,260128,12,21677.3,21664.0,21312,22176,233.3,wrapped_transpose_1
0.0,257857,12,21488.1,21488.0,21152,21953,236.7,input_reduce_fusion_23
0.0,247040,12,20586.7,20592.0,20448,20736,87.7,loop_divide_multiply_slice_fusion_3
0.0,236352,48,4924.0,4896.0,4448,5600,357.2,loop_multiply_fusion_6
0.0,235234,48,4900.7,4864.0,4640,5184,126.0,loop_select_fusion_18
0.0,225856,24,9410.7,9424.0,9152,9600,118.2,loop_divide_multiply_fusion_5
0.0,218048,48,4542.7,4512.0,4288,4896,153.5,input_concatenate_fusion_40
0.0,211968,48,4416.0,4352.0,4256,4672,128.0,loop_dynamic_update_slice_fusion_15
0.0,209408,180,1163.4,1152.0,1056,1344,58.4,loop_multiply_fusion_12
0.0,207520,48,4323.3,4288.0,4128,4992,153.7,loop_multiply_fusion_4
0.0,203808,48,4246.0,4256.0,4064,4480,93.4,loop_dynamic_update_slice_fusion_18
0.0,199072,12,16589.3,16624.0,16192,16896,251.8,loop_subtract_fusion_5
0.0,194368,48,4049.3,4032.0,3840,4416,121.7,loop_select_fusion_17
0.0,191744,180,1065.2,1024.0,992,1792,90.6,loop_add_fusion_27
0.0,186272,24,7761.3,7584.0,7424,12448,1001.4,loop_pad_fusion_9
0.0,185090,12,15424.2,15408.5,15328,15552,65.5,input_reduce_fusion_22
0.0,182526,192,950.7,864.0,832,1344,152.0,wrapped_slice
0.0,178177,48,3712.0,3712.0,3648,3936,45.7,loop_add_clamp_select_slice_fusion
0.0,175936,24,7330.7,7328.0,7200,7456,84.4,loop_pad_fusion_11
0.0,175584,48,3658.0,3648.0,3584,3936,66.1,input_concatenate_fusion_39
0.0,172576,48,3595.3,3584.0,3520,3936,67.5,input_concatenate_fusion_15
0.0,169272,48,3526.5,3520.0,3424,3648,43.7,input_concatenate_fusion_29
0.0,165216,12,13768.0,13664.0,13376,14144,228.4,loop_reverse_fusion_5
0.0,162431,48,3384.0,3360.0,3264,3584,74.8,input_concatenate_fusion_21
0.0,156320,180,868.4,864.0,800,1056,39.4,loop_multiply_fusion_11
0.0,152130,60,2535.5,2640.0,1664,3424,467.0,wrapped_add_1
0.0,151521,12,12626.8,12592.5,12416,12864,148.5,loop_pad_fusion_2
0.0,140957,12,11746.4,11775.0,11648,11808,51.6,loop_reverse_fusion_4
0.0,125505,96,1307.3,1280.0,1216,1568,69.3,loop_compare_fusion_9
0.0,122752,12,10229.3,10208.0,10144,10336,56.8,loop_slice_fusion_46
0.0,122177,48,2545.4,2528.0,2400,2976,109.5,loop_maximum_fusion_2
0.0,119712,24,4988.0,4960.0,4896,5184,63.5,loop_divide_fusion_6
0.0,117312,24,4888.0,4880.0,4768,5088,73.2,loop_divide_fusion_46
0.0,115360,24,4806.7,4800.0,4736,4960,47.2,loop_divide_fusion_15
0.0,115200,24,4800.0,4800.0,4672,4928,46.2,loop_divide_fusion_23
0.0,115168,24,4798.7,4800.0,4704,4928,52.1,loop_divide_fusion_11
0.0,115136,12,9594.7,9568.0,9504,9824,88.3,input_transpose_fusion_7
0.0,115104,24,4796.0,4784.0,4736,4928,45.6,loop_divide_fusion_7
0.0,114849,24,4785.4,4784.0,4704,4993,79.1,loop_divide_fusion_40
0.0,114497,24,4770.7,4768.0,4704,4864,46.1,loop_divide_fusion_27
0.0,114464,24,4769.3,4768.0,4704,4832,34.6,loop_divide_fusion_31
0.0,113984,24,4749.3,4736.0,4672,4832,41.0,loop_divide_fusion_19
0.0,113730,24,4738.8,4720.0,4608,4928,86.0,loop_divide_fusion_35
0.0,113408,24,4725.3,4704.0,4640,5088,83.2,loop_divide_fusion_12
0.0,113376,24,4724.0,4736.0,4608,4864,63.2,loop_divide_fusion_10
0.0,113376,24,4724.0,4736.0,4576,4896,103.7,loop_divide_fusion_43
0.0,113313,24,4721.4,4736.0,4640,4832,58.1,loop_divide_fusion_28
0.0,113248,24,4718.7,4704.0,4640,4832,38.9,loop_divide_fusion_16
0.0,113185,24,4716.0,4704.0,4576,4896,100.3,loop_divide_fusion_39
0.0,113184,24,4716.0,4704.0,4640,4768,32.4,loop_divide_fusion_8
0.0,112864,24,4702.7,4688.0,4640,4800,45.7,loop_divide_fusion_14
0.0,112833,24,4701.4,4672.5,4640,4896,55.7,loop_divide_fusion_18
0.0,112704,24,4696.0,4688.0,4576,4896,81.9,loop_divide_fusion_45
0.0,112640,24,4693.3,4688.0,4608,4832,65.1,loop_divide_fusion_13
0.0,112640,24,4693.3,4672.0,4576,4928,97.5,loop_divide_fusion_38
0.0,112448,24,4685.3,4672.0,4576,4832,55.0,loop_divide_fusion_9
0.0,112288,24,4678.7,4672.0,4576,4864,71.2,loop_divide_fusion_33
0.0,112192,24,4674.7,4640.0,4544,4896,100.7,loop_divide_fusion_44
0.0,112192,48,2337.3,2208.0,1920,3392,427.5,loop_clamp_divide_fusion
0.0,112097,24,4670.7,4640.5,4576,4832,61.5,loop_divide_fusion_36
0.0,112032,24,4668.0,4656.0,4544,4928,92.6,loop_divide_fusion_21
0.0,112032,24,4668.0,4672.0,4608,4768,42.5,loop_divide_fusion_32
0.0,111872,24,4661.3,4672.0,4544,4896,76.5,loop_divide_fusion_17
0.0,111648,24,4652.0,4640.0,4576,4704,32.4,loop_divide_fusion_26
0.0,111648,24,4652.0,4640.0,4608,4768,44.1,loop_divide_fusion_30
0.0,111584,24,4649.3,4640.0,4576,4800,52.9,loop_divide_fusion_22
0.0,111521,24,4646.7,4640.0,4608,4704,24.9,loop_divide_fusion_20
0.0,111488,24,4645.3,4640.0,4576,4736,42.9,loop_divide_fusion_29
0.0,111392,24,4641.3,4640.0,4576,4800,53.8,loop_divide_fusion_25
0.0,111360,24,4640.0,4624.0,4544,4864,66.1,loop_divide_fusion_41
0.0,111264,24,4636.0,4640.0,4576,4704,33.1,loop_divide_fusion_34
0.0,111232,24,4634.7,4624.0,4544,4832,59.4,loop_divide_fusion_42
0.0,110944,24,4622.7,4608.0,4544,4704,43.2,loop_divide_fusion_24
0.0,110561,24,4606.7,4608.0,4512,4704,60.1,loop_divide_fusion_37
0.0,108160,12,9013.3,8928.0,8736,9952,332.6,loop_divide_multiply_fusion_7
0.0,104320,96,1086.7,1088.0,1024,1312,41.8,wrapped_broadcast
0.0,103041,12,8586.8,8592.0,8480,8705,75.3,loop_pad_fusion_3
0.0,101729,12,8477.4,8496.0,7968,8832,272.7,loop_broadcast_fusion_7
0.0,100192,72,1391.6,1232.0,1088,1984,290.2,input_concatenate_fusion_64
0.0,97984,72,1360.9,1296.0,1024,2048,253.2,input_concatenate_fusion_60
0.0,84928,24,3538.7,3568.0,3232,3936,167.5,loop_dynamic_update_slice_fusion_38
0.0,84512,24,3521.3,3520.0,3296,3712,84.1,loop_dynamic_update_slice_fusion_49
0.0,81889,24,3412.0,3424.0,3168,3649,141.2,loop_dynamic_update_slice_fusion_65
0.0,81472,12,6789.3,6752.0,6624,7072,142.3,loop_add_multiply_slice_fusion
0.0,80769,24,3365.4,3360.0,3200,3584,121.1,loop_dynamic_update_slice_fusion_57
0.0,80288,24,3345.3,3296.0,3232,3648,108.8,loop_dynamic_update_slice_fusion_53
0.0,80096,24,3337.3,3360.0,3168,3584,115.8,loop_dynamic_update_slice_fusion_45
0.0,80033,24,3334.7,3376.0,3104,4000,204.4,loop_dynamic_update_slice_fusion_61
0.0,80000,24,3333.3,3312.0,3136,3648,120.4,loop_dynamic_update_slice_fusion_41
0.0,78464,24,3269.3,3264.0,3072,3488,145.5,loop_dynamic_update_slice_fusion_209
0.0,75808,24,3158.7,3136.0,2944,3488,103.6,loop_dynamic_update_slice_fusion_122
0.0,75200,24,3133.3,3136.0,2976,3392,111.6,loop_dynamic_update_slice_fusion_73
0.0,75104,24,3129.3,3136.0,2912,3424,120.8,loop_dynamic_update_slice_fusion_70
0.0,75072,24,3128.0,3104.0,2944,3392,107.7,loop_dynamic_update_slice_fusion_69
0.0,74688,24,3112.0,3104.0,2944,3328,109.3,loop_dynamic_update_slice_fusion_58
0.0,74336,24,3097.3,3072.0,2912,3296,101.2,loop_dynamic_update_slice_fusion_62
0.0,74336,24,3097.3,3088.0,2944,3360,91.0,loop_dynamic_update_slice_fusion_63
0.0,74336,24,3097.3,3104.0,2976,3296,85.4,loop_dynamic_update_slice_fusion_77
0.0,73824,24,3076.0,3088.0,2880,3200,83.5,loop_dynamic_update_slice_fusion_72
0.0,73793,24,3074.7,3088.5,2880,3488,167.7,loop_dynamic_update_slice_fusion_67
0.0,73761,24,3073.4,3040.0,2944,3360,94.6,loop_dynamic_update_slice_fusion_60
0.0,73056,24,3044.0,3040.0,2880,3200,87.7,loop_dynamic_update_slice_fusion_66
0.0,73024,24,3042.7,3040.0,2848,3200,94.8,loop_dynamic_update_slice_fusion_68
0.0,72800,24,3033.3,3008.0,2944,3200,61.9,loop_dynamic_update_slice_fusion_74
0.0,72768,24,3032.0,3040.0,2944,3200,70.1,loop_dynamic_update_slice_fusion_78
0.0,72576,24,3024.0,3040.0,2880,3264,93.9,loop_dynamic_update_slice_fusion_55
0.0,72544,24,3022.7,2992.0,2816,3360,115.9,loop_dynamic_update_slice_fusion_59
0.0,72512,24,3021.3,3024.0,2848,3232,98.0,loop_dynamic_update_slice_fusion_75
0.0,72416,24,3017.3,3024.0,2880,3136,75.8,loop_dynamic_update_slice_fusion_56
0.0,72192,24,3008.0,3008.0,2848,3232,116.7,loop_dynamic_update_slice_fusion_76
0.0,71872,24,2994.7,2992.0,2816,3328,112.0,loop_dynamic_update_slice_fusion_71
0.0,71712,24,2988.0,2976.0,2816,3136,97.5,loop_dynamic_update_slice_fusion_64
0.0,71648,24,2985.3,3008.0,2720,3200,134.9,loop_dynamic_update_slice_fusion_54
0.0,70208,24,2925.3,2912.0,2880,3072,48.0,loop_dynamic_update_slice_fusion_159
0.0,70144,24,2922.7,2912.0,2848,3072,46.9,loop_dynamic_update_slice_fusion_127
0.0,69664,24,2902.7,2912.0,2752,3104,83.6,loop_dynamic_update_slice_fusion_155
0.0,69536,24,2897.3,2880.0,2848,3104,50.8,loop_dynamic_update_slice_fusion_133
0.0,69504,12,5792.0,5712.0,5600,6080,195.4,loop_slice_fusion_49
0.0,69440,24,2893.3,2880.0,2816,3008,43.2,loop_dynamic_update_slice_fusion_152
0.0,69312,24,2888.0,2880.0,2816,3072,51.9,loop_dynamic_update_slice_fusion_132
0.0,69056,24,2877.3,2880.0,2784,2976,47.1,loop_dynamic_update_slice_fusion_125
0.0,68992,24,2874.7,2848.0,2784,3008,53.1,loop_dynamic_update_slice_fusion_141
0.0,68960,24,2873.3,2880.0,2848,2912,18.8,loop_dynamic_update_slice_fusion_129
0.0,68929,24,2872.0,2864.5,2784,2976,41.4,loop_dynamic_update_slice_fusion_135
0.0,68896,24,2870.7,2880.0,2784,2944,41.6,loop_dynamic_update_slice_fusion_123
0.0,68832,24,2868.0,2864.0,2816,2944,28.0,loop_dynamic_update_slice_fusion_131
0.0,68800,24,2866.7,2848.0,2784,3072,74.3,loop_dynamic_update_slice_fusion_139
0.0,68768,12,5730.7,5728.0,5664,5792,37.3,loop_slice_fusion_48
0.0,68768,24,2865.3,2848.0,2784,2944,31.3,loop_dynamic_update_slice_fusion_137
0.0,68672,24,2861.3,2848.0,2784,3008,55.8,loop_dynamic_update_slice_fusion_140
0.0,68608,24,2858.7,2848.0,2816,2944,37.3,loop_dynamic_update_slice_fusion_146
0.0,68576,24,2857.3,2848.0,2784,3008,49.5,loop_dynamic_update_slice_fusion_128
0.0,68576,24,2857.3,2848.0,2816,2944,34.6,loop_dynamic_update_slice_fusion_130
0.0,68576,24,2857.3,2848.0,2816,2912,22.1,loop_dynamic_update_slice_fusion_144
0.0,68544,24,2856.0,2864.0,2816,2944,36.8,loop_dynamic_update_slice_fusion_142
0.0,68544,24,2856.0,2848.0,2784,3008,43.5,loop_dynamic_update_slice_fusion_145
0.0,68544,24,2856.0,2848.0,2816,2944,38.0,loop_dynamic_update_slice_fusion_150
0.0,68512,24,2854.7,2848.0,2784,2912,36.5,loop_dynamic_update_slice_fusion_126
0.0,68512,24,2854.7,2848.0,2784,3008,58.9,loop_dynamic_update_slice_fusion_138
0.0,68512,24,2854.7,2848.0,2752,2944,51.7,loop_dynamic_update_slice_fusion_158
0.0,68480,24,2853.3,2848.0,2816,2944,30.8,loop_dynamic_update_slice_fusion_134
0.0,68480,24,2853.3,2848.0,2816,2944,26.1,loop_dynamic_update_slice_fusion_156
0.0,68480,24,2853.3,2848.0,2752,3168,75.9,loop_dynamic_update_slice_fusion_160
0.0,68480,24,2853.3,2864.0,2624,3072,144.9,loop_dynamic_update_slice_fusion_79
0.0,68448,24,2852.0,2848.0,2784,3040,56.9,loop_dynamic_update_slice_fusion_136
0.0,68448,24,2852.0,2832.0,2752,3040,80.8,loop_dynamic_update_slice_fusion_151
0.0,68416,24,2850.7,2848.0,2816,2912,29.7,loop_dynamic_update_slice_fusion_147
0.0,68288,24,2845.3,2848.0,2785,2944,33.8,loop_dynamic_update_slice_fusion_149
0.0,68160,24,2840.0,2848.0,2752,2944,47.4,loop_dynamic_update_slice_fusion_124
0.0,67968,24,2832.0,2816.0,2752,2944,44.3,loop_dynamic_update_slice_fusion_148
0.0,67904,24,2829.3,2816.0,2752,2976,46.1,loop_dynamic_update_slice_fusion_161
0.0,67808,24,2825.3,2816.0,2752,2976,45.7,loop_dynamic_update_slice_fusion_153
0.0,67808,24,2825.3,2816.0,2784,2880,30.5,loop_dynamic_update_slice_fusion_157
0.0,67744,24,2822.7,2832.0,2720,2880,48.1,loop_dynamic_update_slice_fusion_162
0.0,67617,24,2817.4,2816.0,2784,3008,47.6,loop_dynamic_update_slice_fusion_154
0.0,67456,12,5621.3,5600.0,5536,5728,53.4,loop_slice_fusion_50
0.0,67232,24,2801.3,2800.0,2752,2880,28.3,loop_dynamic_update_slice_fusion_143
0.0,66016,24,2750.7,2736.0,2656,2848,74.0,loop_dynamic_update_slice_fusion_163
0.0,65696,24,2737.3,2752.0,2592,2912,80.1,loop_dynamic_update_slice_fusion_40
0.0,65600,24,2733.3,2720.0,2560,2944,102.9,loop_dynamic_update_slice_fusion_44
0.0,65472,24,2728.0,2720.0,2592,2848,68.2,loop_dynamic_update_slice_fusion_48
0.0,65152,24,2714.7,2688.0,2624,2944,76.5,loop_dynamic_update_slice_fusion_47
0.0,65088,24,2712.0,2720.0,2560,2848,70.1,loop_dynamic_update_slice_fusion_52
0.0,64736,24,2697.3,2688.0,2592,2912,85.2,loop_dynamic_update_slice_fusion_43
0.0,64416,24,2684.0,2656.0,2592,2816,56.9,loop_dynamic_update_slice_fusion_46
0.0,64224,24,2676.0,2656.0,2624,2848,61.0,loop_dynamic_update_slice_fusion_50
0.0,64160,24,2673.3,2656.0,2624,2848,67.4,loop_dynamic_update_slice_fusion_39
0.0,63840,24,2660.0,2656.0,2592,2784,56.9,loop_dynamic_update_slice_fusion_42
0.0,63680,24,2653.3,2640.0,2560,2880,78.3,loop_dynamic_update_slice_fusion_51
0.0,60448,84,719.6,640.0,576,1344,150.1,wrapped_iota_6
0.0,59840,24,2493.3,2448.0,2272,2816,172.4,loop_dynamic_update_slice_fusion_207
0.0,59802,12,4983.5,4975.5,4959,5055,30.9,loop_divide_fusion_1
0.0,58720,48,1223.3,1216.0,1152,1376,56.5,loop_slice_fusion_41
0.0,56480,24,2353.3,2368.0,2016,2944,251.1,loop_multiply_fusion_33
0.0,55616,36,1544.9,1504.0,1472,1792,82.6,input_reduce_fusion_27
0.0,51008,12,4250.7,4240.0,3840,4672,290.0,loop_add_select_fusion
0.0,50752,48,1057.3,1056.0,992,1184,44.3,loop_add_fusion_19
0.0,46240,48,963.3,960.0,832,1408,80.1,loop_and_fusion_7
0.0,44352,12,3696.0,3696.0,3552,3872,85.8,loop_multiply_fusion_35
0.0,42848,24,1785.3,1760.0,1632,2112,100.3,loop_multiply_fusion_31
0.0,41216,24,1717.3,1696.0,1568,2080,100.6,loop_multiply_fusion_27
0.0,39552,12,3296.0,3296.0,3232,3328,27.3,input_reduce_fusion_29
0.0,38966,48,811.8,832.0,608,1184,121.9,loop_and_fusion_8
0.0,37728,12,3144.0,3136.0,2848,3520,153.2,loop_add_subtract_fusion_1
0.0,37151,24,1548.0,1568.0,1151,2208,364.4,input_concatenate_fusion_55
0.0,36896,48,768.7,768.0,736,896,31.3,loop_broadcast_fusion_2
0.0,35168,24,1465.3,1520.0,1280,1664,151.3,loop_slice_fusion_54
0.0,31424,12,2618.7,2656.0,2208,2816,146.2,loop_add_fusion_43
0.0,31008,48,646.0,544.0,480,1280,203.3,loop_add_fusion_20
0.0,30528,12,2544.0,2528.0,1824,2976,297.2,loop_add_subtract_fusion_4
0.0,30368,24,1265.3,1248.0,1184,1504,59.7,input_concatenate_fusion_72
0.0,29824,12,2485.3,2480.0,2048,2976,284.7,loop_multiply_fusion_26
0.0,29536,12,2461.3,2416.0,2368,2784,123.2,loop_divide_fusion_91
0.0,29489,48,614.4,608.0,575,672,27.2,loop_compare_fusion_24
0.0,23087,24,962.0,943.5,832,1216,91.9,loop_dynamic_update_slice_fusion_37
0.0,22432,12,1869.3,1792.0,1696,2368,197.9,loop_add_fusion_42
0.0,22017,12,1834.8,1776.0,1664,2241,179.3,loop_add_fusion_44
0.0,21312,12,1776.0,1760.0,1696,1984,77.8,input_concatenate_fusion_54
0.0,19969,12,1664.1,1632.0,1536,1984,122.0,wrapped_add
0.0,19296,12,1608.0,1600.0,1536,1728,53.1,loop_slice_fusion_56
0.0,18752,12,1562.7,1536.0,1504,1632,52.6,input_concatenate_fusion_73
0.0,18752,12,1562.7,1568.0,1536,1600,18.5,loop_multiply_fusion_40
0.0,18496,12,1541.3,1552.0,1440,1600,52.6,loop_multiply_fusion_36
0.0,17982,12,1498.5,1520.0,1280,1760,129.5,loop_multiply_fusion_38
0.0,17152,12,1429.3,1088.0,1088,5088,1152.3,loop_and_fusion_12
0.0,17122,12,1426.8,1408.0,1376,1568,51.8,loop_multiply_fusion_29
0.0,16448,12,1370.7,1408.0,896,1696,220.8,loop_multiply_fusion_39
0.0,16384,12,1365.3,1376.0,1184,1472,71.3,input_concatenate_fusion_53
0.0,16128,12,1344.0,1344.0,1280,1376,27.3,loop_slice_fusion_53
0.0,15520,12,1293.3,864.0,832,6048,1497.4,loop_broadcast_fusion_10
0.0,15136,1,15136.0,15136.0,15136,15136,0.0,wrapped_transpose
0.0,14647,12,1220.6,1231.0,1056,1376,114.9,input_concatenate_fusion_52
0.0,14560,12,1213.3,1104.0,960,2144,334.9,loop_add_fusion_45
0.0,14176,12,1181.3,1152.0,1088,1376,96.0,input_concatenate_fusion_70
0.0,13696,12,1141.3,1152.0,1088,1184,34.3,loop_multiply_fusion_23
0.0,13440,12,1120.0,1104.0,1056,1280,59.5,loop_multiply_fusion_24
0.0,12864,12,1072.0,1056.0,1024,1184,50.1,loop_multiply_fusion_32
0.0,12832,12,1069.3,1088.0,928,1152,76.5,wrapped_iota
0.0,12636,12,1053.0,1055.5,992,1152,42.0,input_concatenate_fusion_57
0.0,12629,12,1052.4,1039.5,991,1183,55.3,input_concatenate_fusion_74
0.0,11872,12,989.3,960.0,736,1376,160.6,loop_multiply_fusion_37
0.0,11168,13,859.1,864.0,768,960,56.7,loop_broadcast_fusion_11
0.0,10843,12,903.6,896.0,863,1056,51.4,loop_compare_fusion_31
0.0,7872,12,656.0,656.0,640,672,16.7,loop_add_fusion_46
0.0,672,1,672.0,672.0,672,672,0.0,loop_add_fusion_49
