timestamp_epoch,timestamp_iso,mem_total_kib,mem_available_kib,swap_total_kib,swap_free_kib
1782060055,2026-06-21T17:40:55+01:00,98400840,76178172,104857596,53350924
1782060057,2026-06-21T17:40:57+01:00,98400840,75867400,104857596,53350924
1782060060,2026-06-21T17:41:00+01:00,98400840,74981504,104857596,53350924
1782060062,2026-06-21T17:41:02+01:00,98400840,74432716,104857596,53350928
1782060064,2026-06-21T17:41:04+01:00,98400840,74046400,104857596,53350928
1782060066,2026-06-21T17:41:06+01:00,98400840,73929684,104857596,53350928
1782060068,2026-06-21T17:41:08+01:00,98400840,74879644,104857596,53350928
1782060070,2026-06-21T17:41:10+01:00,98400840,74437572,104857596,53350928
1782060072,2026-06-21T17:41:12+01:00,98400840,73795684,104857596,53350928
1782060074,2026-06-21T17:41:14+01:00,98400840,74193076,104857596,53350928
1782060077,2026-06-21T17:41:17+01:00,98400840,74117316,104857596,53350928
1782060079,2026-06-21T17:41:19+01:00,98400840,73509148,104857596,53350928
1782060081,2026-06-21T17:41:21+01:00,98400840,73759440,104857596,53350928
1782060083,2026-06-21T17:41:23+01:00,98400840,74234136,104857596,53351020
1782060085,2026-06-21T17:41:25+01:00,98400840,73983612,104857596,53363276
1782060087,2026-06-21T17:41:27+01:00,98400840,74043088,104857596,53366808
1782060089,2026-06-21T17:41:29+01:00,98400840,74190136,104857596,53452464
1782060091,2026-06-21T17:41:31+01:00,98400840,74350976,104857596,53452464
1782060093,2026-06-21T17:41:33+01:00,98400840,73988780,104857596,53452468
1782060095,2026-06-21T17:41:35+01:00,98400840,73698008,104857596,53452524
1782060098,2026-06-21T17:41:38+01:00,98400840,73726840,104857596,53452532
1782060100,2026-06-21T17:41:40+01:00,98400840,73392776,104857596,53452532
1782060102,2026-06-21T17:41:42+01:00,98400840,73817868,104857596,53452532
1782060104,2026-06-21T17:41:44+01:00,98400840,73406928,104857596,53452532
1782060106,2026-06-21T17:41:46+01:00,98400840,73864972,104857596,53452532
1782060108,2026-06-21T17:41:48+01:00,98400840,73788972,104857596,53452536
1782060111,2026-06-21T17:41:51+01:00,98400840,73485564,104857596,53452536
1782060113,2026-06-21T17:41:53+01:00,98400840,73072436,104857596,53452540
1782060115,2026-06-21T17:41:55+01:00,98400840,72725412,104857596,53452804
1782060117,2026-06-21T17:41:57+01:00,98400840,72823152,104857596,53452804
1782060119,2026-06-21T17:41:59+01:00,98400840,73009340,104857596,53452804
1782060121,2026-06-21T17:42:01+01:00,98400840,73142764,104857596,53452804
1782060123,2026-06-21T17:42:03+01:00,98400840,72952568,104857596,53452804
1782060126,2026-06-21T17:42:06+01:00,98400840,72786432,104857596,53452804
1782060128,2026-06-21T17:42:08+01:00,98400840,72625832,104857596,53452804
1782060130,2026-06-21T17:42:10+01:00,98400840,72716304,104857596,53452804
1782060132,2026-06-21T17:42:12+01:00,98400840,72693528,104857596,53452804
1782060134,2026-06-21T17:42:14+01:00,98400840,72489904,104857596,53452808
1782060136,2026-06-21T17:42:16+01:00,98400840,72719592,104857596,53452808
1782060138,2026-06-21T17:42:18+01:00,98400840,72762568,104857596,53452808
1782060140,2026-06-21T17:42:20+01:00,98400840,72573236,104857596,53452812
1782060142,2026-06-21T17:42:22+01:00,98400840,72206032,104857596,53452812
1782060144,2026-06-21T17:42:24+01:00,98400840,72626784,104857596,53452812
1782060147,2026-06-21T17:42:27+01:00,98400840,72302460,104857596,53452812
1782060149,2026-06-21T17:42:29+01:00,98400840,72161544,104857596,53452812
1782060151,2026-06-21T17:42:31+01:00,98400840,71674796,104857596,53452812
1782060153,2026-06-21T17:42:33+01:00,98400840,71382572,104857596,53452812
1782060155,2026-06-21T17:42:35+01:00,98400840,71326876,104857596,53452812
1782060157,2026-06-21T17:42:37+01:00,98400840,71185760,104857596,53452816
1782060159,2026-06-21T17:42:39+01:00,98400840,71171020,104857596,53452816
1782060161,2026-06-21T17:42:41+01:00,98400840,70479504,104857596,53452816
1782060164,2026-06-21T17:42:44+01:00,98400840,70784416,104857596,53452816
1782060166,2026-06-21T17:42:46+01:00,98400840,70942128,104857596,53452816
1782060168,2026-06-21T17:42:48+01:00,98400840,70928552,104857596,53452820
1782060170,2026-06-21T17:42:50+01:00,98400840,70742536,104857596,53452820
1782060172,2026-06-21T17:42:52+01:00,98400840,70758108,104857596,53452820
1782060174,2026-06-21T17:42:54+01:00,98400840,70883152,104857596,53452820
1782060176,2026-06-21T17:42:56+01:00,98400840,70910800,104857596,53452820
1782060178,2026-06-21T17:42:58+01:00,98400840,70829460,104857596,53452820
1782060180,2026-06-21T17:43:00+01:00,98400840,70821576,104857596,53452820
1782060183,2026-06-21T17:43:03+01:00,98400840,70849456,104857596,53452820
1782060185,2026-06-21T17:43:05+01:00,98400840,70788660,104857596,53452820
1782060187,2026-06-21T17:43:07+01:00,98400840,70770332,104857596,53452820
1782060189,2026-06-21T17:43:09+01:00,98400840,70748732,104857596,53452820
1782060191,2026-06-21T17:43:11+01:00,98400840,70521928,104857596,53452820
1782060193,2026-06-21T17:43:13+01:00,98400840,70708692,104857596,53452820
1782060195,2026-06-21T17:43:15+01:00,98400840,70517272,104857596,53452820
1782060197,2026-06-21T17:43:17+01:00,98400840,70373672,104857596,53452820
1782060200,2026-06-21T17:43:20+01:00,98400840,70068664,104857596,53452824
1782060202,2026-06-21T17:43:22+01:00,98400840,69862220,104857596,53452824
1782060204,2026-06-21T17:43:24+01:00,98400840,69590172,104857596,53452824
1782060206,2026-06-21T17:43:26+01:00,98400840,69659968,104857596,53452824
1782060208,2026-06-21T17:43:28+01:00,98400840,69419104,104857596,53452824
1782060210,2026-06-21T17:43:30+01:00,98400840,69402064,104857596,53452824
1782060212,2026-06-21T17:43:32+01:00,98400840,69147776,104857596,53452824
1782060214,2026-06-21T17:43:34+01:00,98400840,69035992,104857596,53452824
1782060217,2026-06-21T17:43:37+01:00,98400840,68581864,104857596,53452824
1782060219,2026-06-21T17:43:39+01:00,98400840,68366708,104857596,53452832
1782060221,2026-06-21T17:43:41+01:00,98400840,68365568,104857596,53452832
1782060223,2026-06-21T17:43:43+01:00,98400840,68226816,104857596,53452832
1782060225,2026-06-21T17:43:45+01:00,98400840,68595796,104857596,53452836
1782060227,2026-06-21T17:43:47+01:00,98400840,68241924,104857596,53452836
1782060229,2026-06-21T17:43:49+01:00,98400840,68114100,104857596,53452836
1782060232,2026-06-21T17:43:52+01:00,98400840,68072932,104857596,53452836
1782060234,2026-06-21T17:43:54+01:00,98400840,67939428,104857596,53452836
1782060236,2026-06-21T17:43:56+01:00,98400840,67754940,104857596,53452836
1782060238,2026-06-21T17:43:58+01:00,98400840,67629604,104857596,53452836
1782060240,2026-06-21T17:44:00+01:00,98400840,67525728,104857596,53452836
1782060242,2026-06-21T17:44:02+01:00,98400840,66666204,104857596,53452836
1782060244,2026-06-21T17:44:04+01:00,98400840,66628456,104857596,53452836
1782060246,2026-06-21T17:44:06+01:00,98400840,66708760,104857596,53452836
1782060249,2026-06-21T17:44:09+01:00,98400840,66636652,104857596,53452836
1782060251,2026-06-21T17:44:11+01:00,98400840,66367512,104857596,53452836
1782060253,2026-06-21T17:44:13+01:00,98400840,66357900,104857596,53452836
1782060255,2026-06-21T17:44:15+01:00,98400840,66529472,104857596,53452836
1782060257,2026-06-21T17:44:17+01:00,98400840,66335840,104857596,53452836
1782060259,2026-06-21T17:44:19+01:00,98400840,66287000,104857596,53452836
1782060261,2026-06-21T17:44:21+01:00,98400840,65989920,104857596,53452836
1782060263,2026-06-21T17:44:23+01:00,98400840,65857268,104857596,53452836
1782060265,2026-06-21T17:44:25+01:00,98400840,65893724,104857596,53452836
1782060268,2026-06-21T17:44:28+01:00,98400840,65727784,104857596,53452836
1782060270,2026-06-21T17:44:30+01:00,98400840,65713936,104857596,53452836
1782060272,2026-06-21T17:44:32+01:00,98400840,65559940,104857596,53452836
1782060274,2026-06-21T17:44:34+01:00,98400840,65179588,104857596,53452836
1782060276,2026-06-21T17:44:36+01:00,98400840,65422880,104857596,53452836
1782060278,2026-06-21T17:44:38+01:00,98400840,65555444,104857596,53452856
1782060280,2026-06-21T17:44:40+01:00,98400840,65522256,104857596,53452856
1782060282,2026-06-21T17:44:42+01:00,98400840,64751856,104857596,53452876
1782060284,2026-06-21T17:44:44+01:00,98400840,65685260,104857596,53452880
1782060287,2026-06-21T17:44:47+01:00,98400840,65398928,104857596,53452880
1782060289,2026-06-21T17:44:49+01:00,98400840,65400556,104857596,53452884
1782060291,2026-06-21T17:44:51+01:00,98400840,65489636,104857596,53452884
1782060293,2026-06-21T17:44:53+01:00,98400840,65255720,104857596,53452884
1782060295,2026-06-21T17:44:55+01:00,98400840,65326664,104857596,53452884
1782060297,2026-06-21T17:44:57+01:00,98400840,65316200,104857596,53452884
1782060299,2026-06-21T17:44:59+01:00,98400840,65383116,104857596,53452884
1782060301,2026-06-21T17:45:01+01:00,98400840,65513424,104857596,53452884
1782060304,2026-06-21T17:45:04+01:00,98400840,65529784,104857596,53452884
1782060306,2026-06-21T17:45:06+01:00,98400840,65491972,104857596,53452884
1782060308,2026-06-21T17:45:08+01:00,98400840,65128384,104857596,53452884
1782060310,2026-06-21T17:45:10+01:00,98400840,65066084,104857596,53452884
1782060312,2026-06-21T17:45:12+01:00,98400840,65696244,104857596,53452884
1782060314,2026-06-21T17:45:14+01:00,98400840,65358000,104857596,53452884
1782060316,2026-06-21T17:45:16+01:00,98400840,65277484,104857596,53452884
1782060318,2026-06-21T17:45:18+01:00,98400840,65372148,104857596,53452884
1782060321,2026-06-21T17:45:21+01:00,98400840,64720156,104857596,53452884
1782060323,2026-06-21T17:45:23+01:00,98400840,65394424,104857596,53452888
1782060325,2026-06-21T17:45:25+01:00,98400840,65228040,104857596,53452888
1782060327,2026-06-21T17:45:27+01:00,98400840,65146500,104857596,53452888
1782060329,2026-06-21T17:45:29+01:00,98400840,65127368,104857596,53452888
1782060331,2026-06-21T17:45:31+01:00,98400840,65400912,104857596,53452888
1782060334,2026-06-21T17:45:34+01:00,98400840,65420016,104857596,53452888
1782060336,2026-06-21T17:45:36+01:00,98400840,65533560,104857596,53452888
1782060338,2026-06-21T17:45:38+01:00,98400840,65543648,104857596,53452888
1782060340,2026-06-21T17:45:40+01:00,98400840,65590800,104857596,53452888
1782060342,2026-06-21T17:45:42+01:00,98400840,65299272,104857596,53452888
1782060344,2026-06-21T17:45:44+01:00,98400840,65464932,104857596,53452888
1782060346,2026-06-21T17:45:46+01:00,98400840,65367760,104857596,53452888
1782060348,2026-06-21T17:45:48+01:00,98400840,65366660,104857596,53452892
1782060350,2026-06-21T17:45:50+01:00,98400840,65606172,104857596,53452892
1782060353,2026-06-21T17:45:53+01:00,98400840,65340508,104857596,53452892
1782060355,2026-06-21T17:45:55+01:00,98400840,64209888,104857596,53452896
1782060357,2026-06-21T17:45:57+01:00,98400840,64257736,104857596,53452896
1782060359,2026-06-21T17:45:59+01:00,98400840,63955356,104857596,53452896
1782060361,2026-06-21T17:46:01+01:00,98400840,64452456,104857596,53452896
1782060363,2026-06-21T17:46:03+01:00,98400840,64567344,104857596,53452896
1782060365,2026-06-21T17:46:05+01:00,98400840,64382856,104857596,53452896
1782060367,2026-06-21T17:46:07+01:00,98400840,64152900,104857596,53452900
1782060369,2026-06-21T17:46:09+01:00,98400840,64082984,104857596,53452900
1782060372,2026-06-21T17:46:12+01:00,98400840,64208824,104857596,53452900
1782060374,2026-06-21T17:46:14+01:00,98400840,64124160,104857596,53452900
1782060376,2026-06-21T17:46:16+01:00,98400840,64144944,104857596,53452900
1782060378,2026-06-21T17:46:18+01:00,98400840,64068824,104857596,53452900
1782060380,2026-06-21T17:46:20+01:00,98400840,64133320,104857596,53452900
1782060382,2026-06-21T17:46:22+01:00,98400840,64183764,104857596,53452900
1782060385,2026-06-21T17:46:25+01:00,98400840,64163388,104857596,53452900
1782060387,2026-06-21T17:46:27+01:00,98400840,64073136,104857596,53452900
1782060389,2026-06-21T17:46:29+01:00,98400840,64227344,104857596,53452900
1782060391,2026-06-21T17:46:31+01:00,98400840,64149164,104857596,53452900
1782060393,2026-06-21T17:46:33+01:00,98400840,64077724,104857596,53452900
1782060396,2026-06-21T17:46:36+01:00,98400840,64259964,104857596,53452900
1782060398,2026-06-21T17:46:38+01:00,98400840,63608236,104857596,53452900
1782060400,2026-06-21T17:46:40+01:00,98400840,64471456,104857596,53452900
1782060402,2026-06-21T17:46:42+01:00,98400840,64290808,104857596,53452900
1782060404,2026-06-21T17:46:44+01:00,98400840,64269576,104857596,53452900
1782060406,2026-06-21T17:46:46+01:00,98400840,64344424,104857596,53452908
1782060409,2026-06-21T17:46:49+01:00,98400840,64216104,104857596,53452908
1782060411,2026-06-21T17:46:51+01:00,98400840,64209464,104857596,53452908
1782060413,2026-06-21T17:46:53+01:00,98400840,64190900,104857596,53452908
1782060415,2026-06-21T17:46:55+01:00,98400840,64079676,104857596,53452908
1782060417,2026-06-21T17:46:57+01:00,98400840,64660264,104857596,53452908
1782060419,2026-06-21T17:46:59+01:00,98400840,64008492,104857596,53452908
1782060421,2026-06-21T17:47:01+01:00,98400840,64078332,104857596,53452908
1782060423,2026-06-21T17:47:03+01:00,98400840,64455216,104857596,53452908
1782060425,2026-06-21T17:47:05+01:00,98400840,64511728,104857596,53452908
1782060427,2026-06-21T17:47:07+01:00,98400840,64670520,104857596,53452908
1782060430,2026-06-21T17:47:10+01:00,98400840,64628812,104857596,53452908
1782060432,2026-06-21T17:47:12+01:00,98400840,64512060,104857596,53452908
1782060434,2026-06-21T17:47:14+01:00,98400840,64513124,104857596,53452908
1782060436,2026-06-21T17:47:16+01:00,98400840,64496360,104857596,53452908
1782060438,2026-06-21T17:47:18+01:00,98400840,64460396,104857596,53452908
1782060440,2026-06-21T17:47:20+01:00,98400840,64570492,104857596,53452908
1782060442,2026-06-21T17:47:22+01:00,98400840,63743112,104857596,53452908
1782060444,2026-06-21T17:47:24+01:00,98400840,62938908,104857596,53452912
1782060446,2026-06-21T17:47:26+01:00,98400840,62891944,104857596,53452928
1782060449,2026-06-21T17:47:29+01:00,98400840,62836652,104857596,53452928
1782060451,2026-06-21T17:47:31+01:00,98400840,61911652,104857596,53452928
1782060453,2026-06-21T17:47:33+01:00,98400840,63300332,104857596,53452928
1782060455,2026-06-21T17:47:35+01:00,98400840,62357392,104857596,53452928
1782060457,2026-06-21T17:47:37+01:00,98400840,62658160,104857596,53452932
1782060459,2026-06-21T17:47:39+01:00,98400840,62693676,104857596,53452932
1782060461,2026-06-21T17:47:41+01:00,98400840,62405724,104857596,53452944
1782060464,2026-06-21T17:47:44+01:00,98400840,61834084,104857596,53452948
1782060466,2026-06-21T17:47:46+01:00,98400840,62033560,104857596,53452956
1782060468,2026-06-21T17:47:48+01:00,98400840,62288292,104857596,53452956
1782060470,2026-06-21T17:47:50+01:00,98400840,62190192,104857596,53452956
1782060472,2026-06-21T17:47:52+01:00,98400840,62189220,104857596,53452956
1782060474,2026-06-21T17:47:54+01:00,98400840,62253380,104857596,53452956
1782060476,2026-06-21T17:47:56+01:00,98400840,62046456,104857596,53452960
1782060478,2026-06-21T17:47:58+01:00,98400840,62035284,104857596,53452964
1782060481,2026-06-21T17:48:01+01:00,98400840,62180536,104857596,53452964
1782060483,2026-06-21T17:48:03+01:00,98400840,62065592,104857596,53452964
1782060485,2026-06-21T17:48:05+01:00,98400840,61857920,104857596,53452964
1782060487,2026-06-21T17:48:07+01:00,98400840,62662528,104857596,53452964
1782060489,2026-06-21T17:48:09+01:00,98400840,62711032,104857596,53452964
1782060491,2026-06-21T17:48:11+01:00,98400840,63135584,104857596,53452964
1782060493,2026-06-21T17:48:13+01:00,98400840,62941792,104857596,53452964
1782060495,2026-06-21T17:48:15+01:00,98400840,62944296,104857596,53452964
1782060498,2026-06-21T17:48:18+01:00,98400840,62858756,104857596,53452964
1782060500,2026-06-21T17:48:20+01:00,98400840,62833856,104857596,53452964
1782060502,2026-06-21T17:48:22+01:00,98400840,62990532,104857596,53452964
1782060504,2026-06-21T17:48:24+01:00,98400840,62381668,104857596,53452988
1782060507,2026-06-21T17:48:27+01:00,98400840,64063156,104857596,53452988
1782060509,2026-06-21T17:48:29+01:00,98400840,63414480,104857596,53452992
1782060511,2026-06-21T17:48:31+01:00,98400840,63728908,104857596,53452992
1782060513,2026-06-21T17:48:33+01:00,98400840,63721312,104857596,53452992
1782060515,2026-06-21T17:48:35+01:00,98400840,63902788,104857596,53452992
1782060517,2026-06-21T17:48:37+01:00,98400840,63738056,104857596,53452992
1782060519,2026-06-21T17:48:39+01:00,98400840,63624544,104857596,53452992
1782060521,2026-06-21T17:48:41+01:00,98400840,63448168,104857596,53453004
1782060523,2026-06-21T17:48:43+01:00,98400840,64381296,104857596,53453008
1782060525,2026-06-21T17:48:45+01:00,98400840,64432360,104857596,53453008
1782060527,2026-06-21T17:48:47+01:00,98400840,62549616,104857596,53453008
1782060530,2026-06-21T17:48:50+01:00,98400840,61965720,104857596,53453008
1782060532,2026-06-21T17:48:52+01:00,98400840,62451564,104857596,53453008
1782060534,2026-06-21T17:48:54+01:00,98400840,62207120,104857596,53453012
1782060536,2026-06-21T17:48:56+01:00,98400840,64100068,104857596,53453016
1782060538,2026-06-21T17:48:58+01:00,98400840,63609444,104857596,53453016
1782060540,2026-06-21T17:49:00+01:00,98400840,63098856,104857596,53453024
1782060542,2026-06-21T17:49:02+01:00,98400840,63452524,104857596,53453024
1782060544,2026-06-21T17:49:04+01:00,98400840,63067280,104857596,53453024
1782060547,2026-06-21T17:49:07+01:00,98400840,63094380,104857596,53453024
1782060549,2026-06-21T17:49:09+01:00,98400840,63034072,104857596,53453024
1782060551,2026-06-21T17:49:11+01:00,98400840,62648596,104857596,53453024
1782060553,2026-06-21T17:49:13+01:00,98400840,62450672,104857596,53453024
1782060555,2026-06-21T17:49:15+01:00,98400840,62417264,104857596,53453024
1782060557,2026-06-21T17:49:17+01:00,98400840,62641948,104857596,53453024
1782060559,2026-06-21T17:49:19+01:00,98400840,62494744,104857596,53453032
1782060561,2026-06-21T17:49:21+01:00,98400840,62213024,104857596,53453040
1782060563,2026-06-21T17:49:23+01:00,98400840,62410408,104857596,53453040
1782060566,2026-06-21T17:49:26+01:00,98400840,62434240,104857596,53453040
1782060568,2026-06-21T17:49:28+01:00,98400840,62191084,104857596,53453040
1782060572,2026-06-21T17:49:32+01:00,98400840,62451740,104857596,53453040
1782060574,2026-06-21T17:49:34+01:00,98400840,62367160,104857596,53453040
1782060576,2026-06-21T17:49:36+01:00,98400840,62384840,104857596,53453040
1782060578,2026-06-21T17:49:38+01:00,98400840,62964700,104857596,53453040
1782060580,2026-06-21T17:49:40+01:00,98400840,62873516,104857596,53453040
1782060582,2026-06-21T17:49:42+01:00,98400840,62403392,104857596,53453040
1782060585,2026-06-21T17:49:45+01:00,98400840,62517052,104857596,53453040
1782060587,2026-06-21T17:49:47+01:00,98400840,62306696,104857596,53453040
1782060589,2026-06-21T17:49:49+01:00,98400840,62235336,104857596,53453048
1782060591,2026-06-21T17:49:51+01:00,98400840,62328272,104857596,53453056
1782060593,2026-06-21T17:49:53+01:00,98400840,62377492,104857596,53453056
1782060595,2026-06-21T17:49:55+01:00,98400840,62226520,104857596,53453056
1782060597,2026-06-21T17:49:57+01:00,98400840,62357312,104857596,53453056
1782060599,2026-06-21T17:49:59+01:00,98400840,62282592,104857596,53453056
1782060602,2026-06-21T17:50:02+01:00,98400840,61995868,104857596,53453056
1782060604,2026-06-21T17:50:04+01:00,98400840,61681004,104857596,53453056
1782060606,2026-06-21T17:50:06+01:00,98400840,62084976,104857596,53453056
1782060608,2026-06-21T17:50:08+01:00,98400840,62282524,104857596,53453056
1782060610,2026-06-21T17:50:10+01:00,98400840,62352404,104857596,53453056
1782060612,2026-06-21T17:50:12+01:00,98400840,62315504,104857596,53453056
1782060614,2026-06-21T17:50:14+01:00,98400840,62199616,104857596,53453060
1782060616,2026-06-21T17:50:16+01:00,98400840,62354412,104857596,53453060
1782060618,2026-06-21T17:50:18+01:00,98400840,62219204,104857596,53453060
1782060621,2026-06-21T17:50:21+01:00,98400840,62196564,104857596,53453068
1782060623,2026-06-21T17:50:23+01:00,98400840,62271428,104857596,53453068
1782060625,2026-06-21T17:50:25+01:00,98400840,62561892,104857596,53453068
1782060627,2026-06-21T17:50:27+01:00,98400840,62715940,104857596,53453068
1782060629,2026-06-21T17:50:29+01:00,98400840,63029348,104857596,53453068
1782060631,2026-06-21T17:50:31+01:00,98400840,62967812,104857596,53453068
1782060633,2026-06-21T17:50:33+01:00,98400840,62946540,104857596,53453068
1782060635,2026-06-21T17:50:35+01:00,98400840,62331936,104857596,53453068
1782060637,2026-06-21T17:50:37+01:00,98400840,62694316,104857596,53453428
1782060640,2026-06-21T17:50:40+01:00,98400840,63642264,104857596,53453428
1782060642,2026-06-21T17:50:42+01:00,98400840,62574736,104857596,53453440
1782060644,2026-06-21T17:50:44+01:00,98400840,63389584,104857596,53453440
1782060646,2026-06-21T17:50:46+01:00,98400840,63197880,104857596,53453444
1782060648,2026-06-21T17:50:48+01:00,98400840,63627728,104857596,53453444
1782060650,2026-06-21T17:50:50+01:00,98400840,63023420,104857596,53453444
1782060652,2026-06-21T17:50:52+01:00,98400840,63586104,104857596,53453444
1782060655,2026-06-21T17:50:55+01:00,98400840,63384096,104857596,53453444
1782060657,2026-06-21T17:50:57+01:00,98400840,63374288,104857596,53453444
1782060659,2026-06-21T17:50:59+01:00,98400840,63037268,104857596,53453444
1782060661,2026-06-21T17:51:01+01:00,98400840,63068100,104857596,53453444
1782060663,2026-06-21T17:51:03+01:00,98400840,63436332,104857596,53453444
1782060665,2026-06-21T17:51:05+01:00,98400840,63357256,104857596,53453444
1782060667,2026-06-21T17:51:07+01:00,98400840,63014188,104857596,53453580
1782060670,2026-06-21T17:51:10+01:00,98400840,63187976,104857596,53453580
1782060672,2026-06-21T17:51:12+01:00,98400840,63192008,104857596,53453580
1782060674,2026-06-21T17:51:14+01:00,98400840,63580456,104857596,53453580
1782060676,2026-06-21T17:51:16+01:00,98400840,63392692,104857596,53453580
1782060678,2026-06-21T17:51:18+01:00,98400840,63144080,104857596,53453580
1782060680,2026-06-21T17:51:20+01:00,98400840,62669620,104857596,53453580
1782060682,2026-06-21T17:51:22+01:00,98400840,62247756,104857596,53453580
1782060684,2026-06-21T17:51:24+01:00,98400840,63062304,104857596,53453580
1782060687,2026-06-21T17:51:27+01:00,98400840,63183356,104857596,53453580
1782060689,2026-06-21T17:51:29+01:00,98400840,63295616,104857596,53453580
1782060691,2026-06-21T17:51:31+01:00,98400840,63218400,104857596,53453580
1782060693,2026-06-21T17:51:33+01:00,98400840,63195468,104857596,53453580
1782060695,2026-06-21T17:51:35+01:00,98400840,62967876,104857596,53453580
1782060697,2026-06-21T17:51:37+01:00,98400840,62633696,104857596,53453580
1782060699,2026-06-21T17:51:39+01:00,98400840,62260348,104857596,53453580
1782060701,2026-06-21T17:51:41+01:00,98400840,61844920,104857596,53453580
1782060703,2026-06-21T17:51:43+01:00,98400840,61781176,104857596,53453588
1782060706,2026-06-21T17:51:46+01:00,98400840,61639212,104857596,53453588
1782060708,2026-06-21T17:51:48+01:00,98400840,61572280,104857596,53453588
1782060710,2026-06-21T17:51:50+01:00,98400840,61132692,104857596,53453588
1782060712,2026-06-21T17:51:52+01:00,98400840,61115224,104857596,53453588
1782060714,2026-06-21T17:51:54+01:00,98400840,61014628,104857596,53453588
1782060716,2026-06-21T17:51:56+01:00,98400840,61329644,104857596,53453596
1782060718,2026-06-21T17:51:58+01:00,98400840,61316452,104857596,53453596
1782060720,2026-06-21T17:52:00+01:00,98400840,60878352,104857596,53453596
1782060723,2026-06-21T17:52:03+01:00,98400840,60805632,104857596,53453596
1782060725,2026-06-21T17:52:05+01:00,98400840,61098300,104857596,53453596
1782060727,2026-06-21T17:52:07+01:00,98400840,60808588,104857596,53453600
1782060729,2026-06-21T17:52:09+01:00,98400840,60535252,104857596,53453600
1782060731,2026-06-21T17:52:11+01:00,98400840,60387552,104857596,53453604
1782060733,2026-06-21T17:52:13+01:00,98400840,60449032,104857596,53453784
1782060735,2026-06-21T17:52:15+01:00,98400840,60373680,104857596,53453784
1782060738,2026-06-21T17:52:18+01:00,98400840,60226788,104857596,53453784
1782060740,2026-06-21T17:52:20+01:00,98400840,60329224,104857596,53453784
1782060742,2026-06-21T17:52:22+01:00,98400840,60023120,104857596,53453784
1782060744,2026-06-21T17:52:24+01:00,98400840,59623276,104857596,53453804
1782060746,2026-06-21T17:52:26+01:00,98400840,59794584,104857596,53453804
1782060749,2026-06-21T17:52:29+01:00,98400840,59700512,104857596,53453804
1782060751,2026-06-21T17:52:31+01:00,98400840,59484580,104857596,53453804
1782060753,2026-06-21T17:52:33+01:00,98400840,59358096,104857596,53453804
1782060755,2026-06-21T17:52:35+01:00,98400840,59192952,104857596,53453808
1782060757,2026-06-21T17:52:37+01:00,98400840,58942204,104857596,53453808
1782060759,2026-06-21T17:52:39+01:00,98400840,58273964,104857596,53453808
1782060761,2026-06-21T17:52:41+01:00,98400840,58939492,104857596,53453808
1782060763,2026-06-21T17:52:43+01:00,98400840,58767656,104857596,53453808
1782060766,2026-06-21T17:52:46+01:00,98400840,58566172,104857596,53453808
1782060768,2026-06-21T17:52:48+01:00,98400840,58309020,104857596,53453808
1782060770,2026-06-21T17:52:50+01:00,98400840,58318388,104857596,53453808
1782060772,2026-06-21T17:52:52+01:00,98400840,57645156,104857596,53453808
1782060774,2026-06-21T17:52:54+01:00,98400840,56649064,104857596,53453808
1782060776,2026-06-21T17:52:56+01:00,98400840,56075712,104857596,53453808
1782060778,2026-06-21T17:52:58+01:00,98400840,57471412,104857596,53453808
1782060780,2026-06-21T17:53:00+01:00,98400840,57408532,104857596,53453808
1782060783,2026-06-21T17:53:03+01:00,98400840,57042624,104857596,53453808
1782060785,2026-06-21T17:53:05+01:00,98400840,56971000,104857596,53453812
1782060787,2026-06-21T17:53:07+01:00,98400840,56824992,104857596,53453812
1782060789,2026-06-21T17:53:09+01:00,98400840,56806176,104857596,53453816
1782060791,2026-06-21T17:53:11+01:00,98400840,56595824,104857596,53453816
1782060793,2026-06-21T17:53:13+01:00,98400840,56387028,104857596,53453816
1782060795,2026-06-21T17:53:15+01:00,98400840,56926000,104857596,53453816
1782060798,2026-06-21T17:53:18+01:00,98400840,56955912,104857596,53453832
1782060800,2026-06-21T17:53:20+01:00,98400840,56883436,104857596,53453832
1782060802,2026-06-21T17:53:22+01:00,98400840,56964812,104857596,53453832
1782060804,2026-06-21T17:53:24+01:00,98400840,56418504,104857596,53453832
1782060806,2026-06-21T17:53:26+01:00,98400840,55737460,104857596,53453832
1782060808,2026-06-21T17:53:28+01:00,98400840,55656256,104857596,53453832
1782060810,2026-06-21T17:53:30+01:00,98400840,56065748,104857596,53453832
1782060813,2026-06-21T17:53:33+01:00,98400840,56621752,104857596,53453832
1782060815,2026-06-21T17:53:35+01:00,98400840,55963032,104857596,53453832
1782060817,2026-06-21T17:53:37+01:00,98400840,56131648,104857596,53453832
1782060819,2026-06-21T17:53:39+01:00,98400840,55872504,104857596,53453832
1782060821,2026-06-21T17:53:41+01:00,98400840,55736264,104857596,53453836
1782060823,2026-06-21T17:53:43+01:00,98400840,55347656,104857596,53453836
1782060825,2026-06-21T17:53:45+01:00,98400840,56208380,104857596,53453836
1782060827,2026-06-21T17:53:47+01:00,98400840,56100392,104857596,53453844
1782060830,2026-06-21T17:53:50+01:00,98400840,55842036,104857596,53453844
1782060832,2026-06-21T17:53:52+01:00,98400840,55532180,104857596,53453852
1782060834,2026-06-21T17:53:54+01:00,98400840,55757476,104857596,53453852
1782060836,2026-06-21T17:53:56+01:00,98400840,55976292,104857596,53453860
1782060838,2026-06-21T17:53:58+01:00,98400840,56536984,104857596,53453864
1782060840,2026-06-21T17:54:00+01:00,98400840,55713812,104857596,53453864
1782060842,2026-06-21T17:54:02+01:00,98400840,55622728,104857596,53453864
1782060844,2026-06-21T17:54:04+01:00,98400840,55424984,104857596,53453864
1782060847,2026-06-21T17:54:07+01:00,98400840,55945032,104857596,53453864
1782060849,2026-06-21T17:54:09+01:00,98400840,55941200,104857596,53453864
1782060851,2026-06-21T17:54:11+01:00,98400840,55732920,104857596,53453864
1782060853,2026-06-21T17:54:13+01:00,98400840,55291424,104857596,53453864
1782060855,2026-06-21T17:54:15+01:00,98400840,55445624,104857596,53453864
1782060857,2026-06-21T17:54:17+01:00,98400840,55644768,104857596,53453864
1782060859,2026-06-21T17:54:19+01:00,98400840,55883624,104857596,53453868
1782060861,2026-06-21T17:54:21+01:00,98400840,55785412,104857596,53453868
1782060864,2026-06-21T17:54:24+01:00,98400840,55712432,104857596,53453884
1782060866,2026-06-21T17:54:26+01:00,98400840,56048844,104857596,53453884
1782060868,2026-06-21T17:54:28+01:00,98400840,55864104,104857596,53453884
1782060870,2026-06-21T17:54:30+01:00,98400840,55858872,104857596,53453884
1782060872,2026-06-21T17:54:32+01:00,98400840,55988708,104857596,53453884
1782060874,2026-06-21T17:54:34+01:00,98400840,55767128,104857596,53453884
1782060878,2026-06-21T17:54:38+01:00,98400840,55657536,104857596,53453884
1782060880,2026-06-21T17:54:40+01:00,98400840,55920416,104857596,53453888
1782060883,2026-06-21T17:54:43+01:00,98400840,56223556,104857596,53453888
1782060885,2026-06-21T17:54:45+01:00,98400840,56048960,104857596,53453888
1782060887,2026-06-21T17:54:47+01:00,98400840,55526700,104857596,53453896
1782060889,2026-06-21T17:54:49+01:00,98400840,56669196,104857596,53453900
1782060891,2026-06-21T17:54:51+01:00,98400840,56084228,104857596,53453900
1782060893,2026-06-21T17:54:53+01:00,98400840,56561104,104857596,53453900
1782060896,2026-06-21T17:54:56+01:00,98400840,56440168,104857596,53453912
1782060898,2026-06-21T17:54:58+01:00,98400840,56617316,104857596,53453912
1782060900,2026-06-21T17:55:00+01:00,98400840,56627772,104857596,53453912
1782060902,2026-06-21T17:55:02+01:00,98400840,56449540,104857596,53453912
1782060905,2026-06-21T17:55:05+01:00,98400840,56655244,104857596,53453912
1782060907,2026-06-21T17:55:07+01:00,98400840,57005348,104857596,53453912
1782060909,2026-06-21T17:55:09+01:00,98400840,56197016,104857596,53453912
1782060911,2026-06-21T17:55:11+01:00,98400840,55859600,104857596,53453912
1782060913,2026-06-21T17:55:13+01:00,98400840,56956876,104857596,53453972
1782060915,2026-06-21T17:55:15+01:00,98400840,56291040,104857596,53453972
1782060917,2026-06-21T17:55:17+01:00,98400840,56569268,104857596,53453972
1782060919,2026-06-21T17:55:19+01:00,98400840,56396360,104857596,53453972
1782060921,2026-06-21T17:55:21+01:00,98400840,56380040,104857596,53453972
1782060924,2026-06-21T17:55:24+01:00,98400840,56384584,104857596,53453972
1782060926,2026-06-21T17:55:26+01:00,98400840,56299268,104857596,53453976
1782060928,2026-06-21T17:55:28+01:00,98400840,56238060,104857596,53453976
1782060930,2026-06-21T17:55:30+01:00,98400840,56353616,104857596,53453976
1782060932,2026-06-21T17:55:32+01:00,98400840,56048308,104857596,53453976
1782060934,2026-06-21T17:55:34+01:00,98400840,56072652,104857596,53453976
1782060936,2026-06-21T17:55:36+01:00,98400840,55984776,104857596,53453976
1782060939,2026-06-21T17:55:39+01:00,98400840,55906876,104857596,53453976
1782060941,2026-06-21T17:55:41+01:00,98400840,54752480,104857596,53453980
1782060943,2026-06-21T17:55:43+01:00,98400840,54401008,104857596,53453988
1782060945,2026-06-21T17:55:45+01:00,98400840,54250464,104857596,53453996
1782060947,2026-06-21T17:55:47+01:00,98400840,55915788,104857596,53453996
1782060950,2026-06-21T17:55:50+01:00,98400840,55102336,104857596,53453700
1782060952,2026-06-21T17:55:52+01:00,98400840,55097316,104857596,53445480
1782060954,2026-06-21T17:55:54+01:00,98400840,55899588,104857596,53439604
1782060956,2026-06-21T17:55:56+01:00,98400840,55658152,104857596,53439604
1782060958,2026-06-21T17:55:58+01:00,98400840,55523356,104857596,53439556
1782060960,2026-06-21T17:56:00+01:00,98400840,55427284,104857596,53439556
1782060962,2026-06-21T17:56:02+01:00,98400840,55370380,104857596,53439556
1782060964,2026-06-21T17:56:04+01:00,98400840,55129560,104857596,53439556
1782060966,2026-06-21T17:56:06+01:00,98400840,54720044,104857596,53439556
1782060969,2026-06-21T17:56:09+01:00,98400840,55115072,104857596,53439556
1782060971,2026-06-21T17:56:11+01:00,98400840,54919476,104857596,53439556
1782060973,2026-06-21T17:56:13+01:00,98400840,54609604,104857596,53439556
1782060975,2026-06-21T17:56:15+01:00,98400840,54940040,104857596,53439556
1782060977,2026-06-21T17:56:17+01:00,98400840,55522276,104857596,53439556
1782060979,2026-06-21T17:56:19+01:00,98400840,54842204,104857596,53439556
1782060981,2026-06-21T17:56:21+01:00,98400840,55186416,104857596,53439556
1782060984,2026-06-21T17:56:24+01:00,98400840,55299820,104857596,53439584
1782060986,2026-06-21T17:56:26+01:00,98400840,55414912,104857596,53439584
1782060988,2026-06-21T17:56:28+01:00,98400840,54816684,104857596,53439584
1782060990,2026-06-21T17:56:30+01:00,98400840,55534336,104857596,53439584
1782060992,2026-06-21T17:56:32+01:00,98400840,55416084,104857596,53439584
1782060994,2026-06-21T17:56:34+01:00,98400840,55472452,104857596,53439584
1782060996,2026-06-21T17:56:36+01:00,98400840,55096140,104857596,53439584
1782060998,2026-06-21T17:56:38+01:00,98400840,54649232,104857596,53439588
1782061000,2026-06-21T17:56:40+01:00,98400840,55045108,104857596,53439588
1782061003,2026-06-21T17:56:43+01:00,98400840,55543316,104857596,53439596
1782061005,2026-06-21T17:56:45+01:00,98400840,55477068,104857596,53439596
1782061007,2026-06-21T17:56:47+01:00,98400840,54283000,104857596,53439596
1782061009,2026-06-21T17:56:49+01:00,98400840,54129716,104857596,53439596
1782061011,2026-06-21T17:56:51+01:00,98400840,54056888,104857596,53439596
1782061013,2026-06-21T17:56:53+01:00,98400840,54696556,104857596,53439276
1782061015,2026-06-21T17:56:55+01:00,98400840,54896840,104857596,53411060
1782061017,2026-06-21T17:56:57+01:00,98400840,54965316,104857596,53385624
1782061019,2026-06-21T17:56:59+01:00,98400840,54900492,104857596,53385624
1782061022,2026-06-21T17:57:02+01:00,98400840,54815440,104857596,53354932
1782061024,2026-06-21T17:57:04+01:00,98400840,55006036,104857596,53354932
1782061026,2026-06-21T17:57:06+01:00,98400840,55057452,104857596,53354932
1782061028,2026-06-21T17:57:08+01:00,98400840,55528376,104857596,53354932
1782061030,2026-06-21T17:57:10+01:00,98400840,55502380,104857596,53354932
1782061032,2026-06-21T17:57:12+01:00,98400840,55418216,104857596,53354932
1782061034,2026-06-21T17:57:14+01:00,98400840,55421488,104857596,53354932
1782061037,2026-06-21T17:57:17+01:00,98400840,55400856,104857596,53354932
1782061039,2026-06-21T17:57:19+01:00,98400840,55383608,104857596,53354936
1782061041,2026-06-21T17:57:21+01:00,98400840,55556212,104857596,53354944
1782061043,2026-06-21T17:57:23+01:00,98400840,55416316,104857596,53354944
1782061045,2026-06-21T17:57:25+01:00,98400840,54950540,104857596,53354944
1782061047,2026-06-21T17:57:27+01:00,98400840,55190912,104857596,53355188
1782061049,2026-06-21T17:57:29+01:00,98400840,55537552,104857596,53355188
1782061052,2026-06-21T17:57:32+01:00,98400840,55458960,104857596,53355188
1782061054,2026-06-21T17:57:34+01:00,98400840,55542472,104857596,53355188
1782061056,2026-06-21T17:57:36+01:00,98400840,55394484,104857596,53355188
1782061058,2026-06-21T17:57:38+01:00,98400840,55408608,104857596,53355188
1782061061,2026-06-21T17:57:41+01:00,98400840,56018636,104857596,53355188
1782061063,2026-06-21T17:57:43+01:00,98400840,55163148,104857596,53355204
1782061065,2026-06-21T17:57:45+01:00,98400840,54960796,104857596,53355204
1782061067,2026-06-21T17:57:47+01:00,98400840,55551076,104857596,53355208
1782061069,2026-06-21T17:57:49+01:00,98400840,55919560,104857596,53355208
1782061071,2026-06-21T17:57:51+01:00,98400840,56021736,104857596,53355216
1782061073,2026-06-21T17:57:53+01:00,98400840,55975580,104857596,53355216
1782061075,2026-06-21T17:57:55+01:00,98400840,56005980,104857596,53355216
1782061077,2026-06-21T17:57:57+01:00,98400840,55990688,104857596,53355216
1782061080,2026-06-21T17:58:00+01:00,98400840,56016048,104857596,53355216
1782061082,2026-06-21T17:58:02+01:00,98400840,56180072,104857596,53355216
1782061084,2026-06-21T17:58:04+01:00,98400840,55892080,104857596,53355216
1782061086,2026-06-21T17:58:06+01:00,98400840,55952724,104857596,53355216
1782061088,2026-06-21T17:58:08+01:00,98400840,56193532,104857596,53355216
1782061090,2026-06-21T17:58:10+01:00,98400840,56081832,104857596,53355216
1782061092,2026-06-21T17:58:12+01:00,98400840,56478680,104857596,53355216
1782061094,2026-06-21T17:58:14+01:00,98400840,56210104,104857596,53355216
1782061096,2026-06-21T17:58:16+01:00,98400840,55902568,104857596,53355216
1782061098,2026-06-21T17:58:19+01:00,98400840,56283132,104857596,53355224
1782061101,2026-06-21T17:58:21+01:00,98400840,56575980,104857596,53355224
1782061103,2026-06-21T17:58:23+01:00,98400840,56669684,104857596,53355224
1782061105,2026-06-21T17:58:25+01:00,98400840,56552932,104857596,53355224
1782061107,2026-06-21T17:58:27+01:00,98400840,56515412,104857596,53355224
1782061109,2026-06-21T17:58:29+01:00,98400840,56569436,104857596,53355224
1782061111,2026-06-21T17:58:31+01:00,98400840,56409928,104857596,53355224
1782061113,2026-06-21T17:58:33+01:00,98400840,56390904,104857596,53355224
1782061117,2026-06-21T17:58:37+01:00,98400840,56344512,104857596,53355224
1782061119,2026-06-21T17:58:39+01:00,98400840,56313472,104857596,53355224
1782061121,2026-06-21T17:58:41+01:00,98400840,56671536,104857596,53355224
1782061123,2026-06-21T17:58:43+01:00,98400840,55986808,104857596,53355224
1782061125,2026-06-21T17:58:45+01:00,98400840,56283112,104857596,53355228
1782061128,2026-06-21T17:58:48+01:00,98400840,56207576,104857596,53355232
1782061130,2026-06-21T17:58:50+01:00,98400840,56079432,104857596,53355508
1782061132,2026-06-21T17:58:52+01:00,98400840,56147440,104857596,53355508
1782061134,2026-06-21T17:58:54+01:00,98400840,55914004,104857596,53355508
1782061136,2026-06-21T17:58:56+01:00,98400840,56621704,104857596,53355552
1782061138,2026-06-21T17:58:58+01:00,98400840,56051304,104857596,53355552
1782061140,2026-06-21T17:59:00+01:00,98400840,56631076,104857596,53355564
1782061142,2026-06-21T17:59:02+01:00,98400840,56604588,104857596,53355564
1782061145,2026-06-21T17:59:05+01:00,98400840,56580656,104857596,53355564
1782061147,2026-06-21T17:59:07+01:00,98400840,56585792,104857596,53355564
1782061149,2026-06-21T17:59:09+01:00,98400840,56561616,104857596,53355564
1782061151,2026-06-21T17:59:11+01:00,98400840,56587392,104857596,53355568
1782061153,2026-06-21T17:59:13+01:00,98400840,56396308,104857596,53355572
1782061155,2026-06-21T17:59:15+01:00,98400840,55274264,104857596,53355572
1782061157,2026-06-21T17:59:17+01:00,98400840,54978452,104857596,53355572
1782061159,2026-06-21T17:59:19+01:00,98400840,54880732,104857596,53355588
1782061161,2026-06-21T17:59:21+01:00,98400840,54938496,104857596,53169760
1782061164,2026-06-21T17:59:24+01:00,98400840,55292872,104857596,53150604
1782061166,2026-06-21T17:59:26+01:00,98400840,55401944,104857596,53087136
1782061168,2026-06-21T17:59:28+01:00,98400840,55308324,104857596,53040820
1782061170,2026-06-21T17:59:30+01:00,98400840,55433640,104857596,53037452
1782061172,2026-06-21T17:59:32+01:00,98400840,55475828,104857596,53037164
1782061175,2026-06-21T17:59:35+01:00,98400840,55518744,104857596,52950060
1782061177,2026-06-21T17:59:37+01:00,98400840,55829632,104857596,52730052
1782061179,2026-06-21T17:59:39+01:00,98400840,55717048,104857596,52667020
1782061181,2026-06-21T17:59:41+01:00,98400840,56261272,104857596,52304132
1782061183,2026-06-21T17:59:43+01:00,98400840,56776256,104857596,51930076
1782061185,2026-06-21T17:59:45+01:00,98400840,56735108,104857596,51930108
1782061187,2026-06-21T17:59:47+01:00,98400840,57318508,104857596,51518300
1782061189,2026-06-21T17:59:49+01:00,98400840,56625792,104857596,51515488
1782061192,2026-06-21T17:59:52+01:00,98400840,56739432,104857596,51532140
1782061194,2026-06-21T17:59:54+01:00,98400840,56528636,104857596,51535140
1782061196,2026-06-21T17:59:56+01:00,98400840,56452320,104857596,51574776
1782061198,2026-06-21T17:59:58+01:00,98400840,56609276,104857596,51581400
1782061200,2026-06-21T18:00:00+01:00,98400840,56908408,104857596,51597860
1782061202,2026-06-21T18:00:02+01:00,98400840,56846948,104857596,51604832
1782061204,2026-06-21T18:00:04+01:00,98400840,56700320,104857596,51632396
1782061206,2026-06-21T18:00:07+01:00,98400840,56178436,104857596,51758992
1782061209,2026-06-21T18:00:09+01:00,98400840,55450944,104857596,51759288
1782061211,2026-06-21T18:00:11+01:00,98400840,55593804,104857596,51759364
1782061213,2026-06-21T18:00:13+01:00,98400840,55417184,104857596,51765004
1782061215,2026-06-21T18:00:15+01:00,98400840,55639632,104857596,51770740
1782061217,2026-06-21T18:00:17+01:00,98400840,55334664,104857596,51770680
1782061220,2026-06-21T18:00:20+01:00,98400840,54961208,104857596,51770680
1782061223,2026-06-21T18:00:23+01:00,98400840,55796124,104857596,51770748
1782061225,2026-06-21T18:00:25+01:00,98400840,54273184,104857596,51770712
1782061229,2026-06-21T18:00:29+01:00,98400840,52539460,104857596,51728992
1782061232,2026-06-21T18:00:32+01:00,98400840,52235688,104857596,51042224
1782061236,2026-06-21T18:00:36+01:00,98400840,52033236,104857596,50126304
1782061238,2026-06-21T18:00:38+01:00,98400840,52468360,104857596,50100532
1782061240,2026-06-21T18:00:40+01:00,98400840,52103412,104857596,49999104
1782061242,2026-06-21T18:00:42+01:00,98400840,50316088,104857596,49990076
1782061244,2026-06-21T18:00:44+01:00,98400840,49399220,104857596,50012812
1782061246,2026-06-21T18:00:46+01:00,98400840,49330784,104857596,50014896
1782061248,2026-06-21T18:00:48+01:00,98400840,48779020,104857596,50021732
1782061250,2026-06-21T18:00:50+01:00,98400840,49006328,104857596,50042796
1782061253,2026-06-21T18:00:53+01:00,98400840,48992212,104857596,50067932
1782061255,2026-06-21T18:00:55+01:00,98400840,58065820,104857596,50079508
1782061257,2026-06-21T18:00:57+01:00,98400840,59873204,104857596,50188844
1782061259,2026-06-21T18:00:59+01:00,98400840,60312664,104857596,50212404
1782061261,2026-06-21T18:01:01+01:00,98400840,60234688,104857596,50215068
1782061263,2026-06-21T18:01:03+01:00,98400840,60166232,104857596,50216648
1782061265,2026-06-21T18:01:05+01:00,98400840,60142492,104857596,50220056
1782061267,2026-06-21T18:01:07+01:00,98400840,60091092,104857596,50228096
1782061269,2026-06-21T18:01:09+01:00,98400840,59978888,104857596,50235640
1782061272,2026-06-21T18:01:12+01:00,98400840,59491396,104857596,50306092
1782061274,2026-06-21T18:01:14+01:00,98400840,60089272,104857596,50311964
1782061276,2026-06-21T18:01:16+01:00,98400840,60177440,104857596,50314268
1782061278,2026-06-21T18:01:18+01:00,98400840,59549836,104857596,50315652
1782061280,2026-06-21T18:01:20+01:00,98400840,59029072,104857596,50318728
1782061282,2026-06-21T18:01:22+01:00,98400840,60194680,104857596,50324776
1782061284,2026-06-21T18:01:24+01:00,98400840,60089496,104857596,50324916
1782061286,2026-06-21T18:01:26+01:00,98400840,60197256,104857596,50325836
1782061288,2026-06-21T18:01:28+01:00,98400840,59398676,104857596,50340144
1782061291,2026-06-21T18:01:31+01:00,98400840,59265648,104857596,50340828
1782061293,2026-06-21T18:01:33+01:00,98400840,60117920,104857596,50349136
1782061295,2026-06-21T18:01:35+01:00,98400840,58388084,104857596,50349400
1782061297,2026-06-21T18:01:37+01:00,98400840,58055380,104857596,50354348
1782061299,2026-06-21T18:01:39+01:00,98400840,57830536,104857596,50354444
1782061301,2026-06-21T18:01:41+01:00,98400840,57602964,104857596,50354972
1782061303,2026-06-21T18:01:43+01:00,98400840,57478008,104857596,50356760
1782061305,2026-06-21T18:01:45+01:00,98400840,57610752,104857596,50356484
1782061307,2026-06-21T18:01:47+01:00,98400840,57527580,104857596,50357040
1782061310,2026-06-21T18:01:50+01:00,98400840,57533644,104857596,50357044
1782061312,2026-06-21T18:01:52+01:00,98400840,57431704,104857596,50357168
1782061314,2026-06-21T18:01:54+01:00,98400840,56973600,104857596,50360828
1782061316,2026-06-21T18:01:56+01:00,98400840,56420572,104857596,50361000
1782061318,2026-06-21T18:01:58+01:00,98400840,55958560,104857596,50361104
1782061320,2026-06-21T18:02:00+01:00,98400840,56195276,104857596,50361228
1782061322,2026-06-21T18:02:02+01:00,98400840,55920488,104857596,50361360
1782061324,2026-06-21T18:02:04+01:00,98400840,56905848,104857596,50376152
1782061326,2026-06-21T18:02:06+01:00,98400840,56798876,104857596,50384788
1782061328,2026-06-21T18:02:08+01:00,98400840,57070136,104857596,50384868
1782061331,2026-06-21T18:02:11+01:00,98400840,56766904,104857596,50385812
1782061333,2026-06-21T18:02:13+01:00,98400840,56814128,104857596,50385860
1782061335,2026-06-21T18:02:15+01:00,98400840,56768756,104857596,50386440
1782061337,2026-06-21T18:02:17+01:00,98400840,56739644,104857596,50386548
1782061339,2026-06-21T18:02:19+01:00,98400840,56800620,104857596,50387064
1782061341,2026-06-21T18:02:21+01:00,98400840,58183776,104857596,50389840
1782061343,2026-06-21T18:02:23+01:00,98400840,58296808,104857596,50396448
1782061345,2026-06-21T18:02:25+01:00,98400840,58407496,104857596,50396996
1782061348,2026-06-21T18:02:28+01:00,98400840,58275760,104857596,50397164
1782061350,2026-06-21T18:02:30+01:00,98400840,58271748,104857596,50397244
1782061352,2026-06-21T18:02:32+01:00,98400840,58294056,104857596,50400740
1782061359,2026-06-21T18:02:39+01:00,98400840,58286744,104857596,50402136
1782061361,2026-06-21T18:02:41+01:00,98400840,58260500,104857596,50402676
1782061364,2026-06-21T18:02:44+01:00,98400840,58276144,104857596,50403812
1782061366,2026-06-21T18:02:46+01:00,98400840,58184864,104857596,50404384
1782061368,2026-06-21T18:02:48+01:00,98400840,58226612,104857596,50405068
1782061370,2026-06-21T18:02:50+01:00,98400840,58258292,104857596,50405944
1782061373,2026-06-21T18:02:53+01:00,98400840,58198312,104857596,50408984
1782061375,2026-06-21T18:02:55+01:00,98400840,58143128,104857596,50409484
1782061378,2026-06-21T18:02:58+01:00,98400840,57896552,104857596,50414504
1782061380,2026-06-21T18:03:00+01:00,98400840,58000252,104857596,50416992
1782061382,2026-06-21T18:03:02+01:00,98400840,57975084,104857596,50432416
1782061386,2026-06-21T18:03:06+01:00,98400840,57951172,104857596,50433084
1782061388,2026-06-21T18:03:08+01:00,98400840,58289412,104857596,50434172
1782061390,2026-06-21T18:03:10+01:00,98400840,57583020,104857596,50442044
1782061395,2026-06-21T18:03:15+01:00,98400840,58195496,104857596,50445572
1782061397,2026-06-21T18:03:17+01:00,98400840,58548856,104857596,50449620
1782061399,2026-06-21T18:03:19+01:00,98400840,58578820,104857596,50454684
1782061401,2026-06-21T18:03:21+01:00,98400840,58557536,104857596,50469552
1782061403,2026-06-21T18:03:23+01:00,98400840,58517360,104857596,50482916
1782061408,2026-06-21T18:03:28+01:00,98400840,58507488,104857596,50496944
1782061410,2026-06-21T18:03:30+01:00,98400840,59755228,104857596,50596564
1782061412,2026-06-21T18:03:32+01:00,98400840,59564208,104857596,50598540
1782061414,2026-06-21T18:03:34+01:00,98400840,58875720,104857596,50599608
1782061419,2026-06-21T18:03:39+01:00,98400840,58781604,104857596,50599792
1782061422,2026-06-21T18:03:42+01:00,98400840,57275292,104857596,50600152
1782061424,2026-06-21T18:03:44+01:00,98400840,49654956,104857596,50600236
1782061426,2026-06-21T18:03:46+01:00,98400840,49257348,104857596,50600436
1782061431,2026-06-21T18:03:51+01:00,98400840,48858724,104857596,50599076
1782061433,2026-06-21T18:03:53+01:00,98400840,48949868,104857596,50605208
1782061435,2026-06-21T18:03:55+01:00,98400840,48287504,104857596,50605248
1782061437,2026-06-21T18:03:57+01:00,98400840,47145788,104857596,50605432
1782061439,2026-06-21T18:03:59+01:00,98400840,47093184,104857596,50605528
1782061441,2026-06-21T18:04:01+01:00,98400840,52276592,104857596,50606416
1782061443,2026-06-21T18:04:03+01:00,98400840,53420772,104857596,50621584
1782061446,2026-06-21T18:04:06+01:00,98400840,52893080,104857596,50714944
1782061448,2026-06-21T18:04:08+01:00,98400840,52707084,104857596,50715132
1782061450,2026-06-21T18:04:10+01:00,98400840,53161632,104857596,50715304
1782061452,2026-06-21T18:04:12+01:00,98400840,52558296,104857596,51004964
1782061454,2026-06-21T18:04:14+01:00,98400840,51714124,104857596,51005644
1782061456,2026-06-21T18:04:16+01:00,98400840,51716192,104857596,51005936
1782061458,2026-06-21T18:04:18+01:00,98400840,52140828,104857596,51006160
1782061460,2026-06-21T18:04:20+01:00,98400840,52053424,104857596,51007308
1782061462,2026-06-21T18:04:22+01:00,98400840,52020512,104857596,51011644
1782061465,2026-06-21T18:04:25+01:00,98400840,52336584,104857596,51011972
1782061467,2026-06-21T18:04:27+01:00,98400840,52234968,104857596,51018980
1782061470,2026-06-21T18:04:30+01:00,98400840,52286800,104857596,51020668
1782061472,2026-06-21T18:04:32+01:00,98400840,52288380,104857596,51021044
1782061474,2026-06-21T18:04:34+01:00,98400840,52322444,104857596,51021444
1782061476,2026-06-21T18:04:36+01:00,98400840,70296360,104857596,51021628
1782061478,2026-06-21T18:04:38+01:00,98400840,72058628,104857596,51024276
