timestamp_epoch,timestamp_iso,pid,ppid,stat,psr,pcpu,pmem,rss_kib,vsz_kib,args
1782059193,2026-06-21T17:26:33+01:00,3101658,3101571,S,18,0.0,0.0,1740,2784,"/usr/bin/time -f wall_s=%e\nmaxrss_kib=%M -o proofs/v020/s4/fp64_d01d03_1h_20260621T162631Z/time.txt taskset -c 0-3 python -m gpuwrf run --input-dir <DATA_ROOT>/wrf_downscale/canary_all7/run --namelist <DATA_ROOT>/wrf_downscale/canary_all7/run/namelist.input --output-dir proofs/v020/s4/fp64_d01d03_1h_20260621T162631Z/output --proof-dir proofs/v020/s4/fp64_d01d03_1h_20260621T162631Z/proofs --scratch-dir proofs/v020/s4/fp64_d01d03_1h_20260621T162631Z/scratch --max-dom 3 --hours 1"
1782059193,2026-06-21T17:26:33+01:00,3101662,3101658,Rl,3,235,0.1,123448,495868,"python -m gpuwrf run --input-dir <DATA_ROOT>/wrf_downscale/canary_all7/run --namelist <DATA_ROOT>/wrf_downscale/canary_all7/run/namelist.input --output-dir proofs/v020/s4/fp64_d01d03_1h_20260621T162631Z/output --proof-dir proofs/v020/s4/fp64_d01d03_1h_20260621T162631Z/proofs --scratch-dir proofs/v020/s4/fp64_d01d03_1h_20260621T162631Z/scratch --max-dom 3 --hours 1"
1782059195,2026-06-21T17:26:35+01:00,3101658,3101571,S,18,0.0,0.0,1740,2784,"/usr/bin/time -f wall_s=%e\nmaxrss_kib=%M -o proofs/v020/s4/fp64_d01d03_1h_20260621T162631Z/time.txt taskset -c 0-3 python -m gpuwrf run --input-dir <DATA_ROOT>/wrf_downscale/canary_all7/run --namelist <DATA_ROOT>/wrf_downscale/canary_all7/run/namelist.input --output-dir proofs/v020/s4/fp64_d01d03_1h_20260621T162631Z/output --proof-dir proofs/v020/s4/fp64_d01d03_1h_20260621T162631Z/proofs --scratch-dir proofs/v020/s4/fp64_d01d03_1h_20260621T162631Z/scratch --max-dom 3 --hours 1"
1782059195,2026-06-21T17:26:35+01:00,3101662,3101658,Sl,0,73.3,0.8,879044,19580208,"python -m gpuwrf run --input-dir <DATA_ROOT>/wrf_downscale/canary_all7/run --namelist <DATA_ROOT>/wrf_downscale/canary_all7/run/namelist.input --output-dir proofs/v020/s4/fp64_d01d03_1h_20260621T162631Z/output --proof-dir proofs/v020/s4/fp64_d01d03_1h_20260621T162631Z/proofs --scratch-dir proofs/v020/s4/fp64_d01d03_1h_20260621T162631Z/scratch --max-dom 3 --hours 1"
1782059197,2026-06-21T17:26:37+01:00,3101658,3101571,S,18,0.0,0.0,1740,2784,"/usr/bin/time -f wall_s=%e\nmaxrss_kib=%M -o proofs/v020/s4/fp64_d01d03_1h_20260621T162631Z/time.txt taskset -c 0-3 python -m gpuwrf run --input-dir <DATA_ROOT>/wrf_downscale/canary_all7/run --namelist <DATA_ROOT>/wrf_downscale/canary_all7/run/namelist.input --output-dir proofs/v020/s4/fp64_d01d03_1h_20260621T162631Z/output --proof-dir proofs/v020/s4/fp64_d01d03_1h_20260621T162631Z/proofs --scratch-dir proofs/v020/s4/fp64_d01d03_1h_20260621T162631Z/scratch --max-dom 3 --hours 1"
1782059197,2026-06-21T17:26:37+01:00,3101662,3101658,Rl,0,82.5,1.4,1444712,21302256,"python -m gpuwrf run --input-dir <DATA_ROOT>/wrf_downscale/canary_all7/run --namelist <DATA_ROOT>/wrf_downscale/canary_all7/run/namelist.input --output-dir proofs/v020/s4/fp64_d01d03_1h_20260621T162631Z/output --proof-dir proofs/v020/s4/fp64_d01d03_1h_20260621T162631Z/proofs --scratch-dir proofs/v020/s4/fp64_d01d03_1h_20260621T162631Z/scratch --max-dom 3 --hours 1"
1782059199,2026-06-21T17:26:39+01:00,3101658,3101571,S,18,0.0,0.0,1740,2784,"/usr/bin/time -f wall_s=%e\nmaxrss_kib=%M -o proofs/v020/s4/fp64_d01d03_1h_20260621T162631Z/time.txt taskset -c 0-3 python -m gpuwrf run --input-dir <DATA_ROOT>/wrf_downscale/canary_all7/run --namelist <DATA_ROOT>/wrf_downscale/canary_all7/run/namelist.input --output-dir proofs/v020/s4/fp64_d01d03_1h_20260621T162631Z/output --proof-dir proofs/v020/s4/fp64_d01d03_1h_20260621T162631Z/proofs --scratch-dir proofs/v020/s4/fp64_d01d03_1h_20260621T162631Z/scratch --max-dom 3 --hours 1"
1782059199,2026-06-21T17:26:39+01:00,3101662,3101658,Rl,0,88.9,1.8,1847472,22178228,"python -m gpuwrf run --input-dir <DATA_ROOT>/wrf_downscale/canary_all7/run --namelist <DATA_ROOT>/wrf_downscale/canary_all7/run/namelist.input --output-dir proofs/v020/s4/fp64_d01d03_1h_20260621T162631Z/output --proof-dir proofs/v020/s4/fp64_d01d03_1h_20260621T162631Z/proofs --scratch-dir proofs/v020/s4/fp64_d01d03_1h_20260621T162631Z/scratch --max-dom 3 --hours 1"
1782059201,2026-06-21T17:26:41+01:00,3101658,3101571,S,18,0.0,0.0,1740,2784,"/usr/bin/time -f wall_s=%e\nmaxrss_kib=%M -o proofs/v020/s4/fp64_d01d03_1h_20260621T162631Z/time.txt taskset -c 0-3 python -m gpuwrf run --input-dir <DATA_ROOT>/wrf_downscale/canary_all7/run --namelist <DATA_ROOT>/wrf_downscale/canary_all7/run/namelist.input --output-dir proofs/v020/s4/fp64_d01d03_1h_20260621T162631Z/output --proof-dir proofs/v020/s4/fp64_d01d03_1h_20260621T162631Z/proofs --scratch-dir proofs/v020/s4/fp64_d01d03_1h_20260621T162631Z/scratch --max-dom 3 --hours 1"
1782059201,2026-06-21T17:26:41+01:00,3101662,3101658,Dl,0,87.5,1.9,1956984,22359828,"python -m gpuwrf run --input-dir <DATA_ROOT>/wrf_downscale/canary_all7/run --namelist <DATA_ROOT>/wrf_downscale/canary_all7/run/namelist.input --output-dir proofs/v020/s4/fp64_d01d03_1h_20260621T162631Z/output --proof-dir proofs/v020/s4/fp64_d01d03_1h_20260621T162631Z/proofs --scratch-dir proofs/v020/s4/fp64_d01d03_1h_20260621T162631Z/scratch --max-dom 3 --hours 1"
1782059203,2026-06-21T17:26:43+01:00,3101658,3101571,S,18,0.0,0.0,1740,2784,"/usr/bin/time -f wall_s=%e\nmaxrss_kib=%M -o proofs/v020/s4/fp64_d01d03_1h_20260621T162631Z/time.txt taskset -c 0-3 python -m gpuwrf run --input-dir <DATA_ROOT>/wrf_downscale/canary_all7/run --namelist <DATA_ROOT>/wrf_downscale/canary_all7/run/namelist.input --output-dir proofs/v020/s4/fp64_d01d03_1h_20260621T162631Z/output --proof-dir proofs/v020/s4/fp64_d01d03_1h_20260621T162631Z/proofs --scratch-dir proofs/v020/s4/fp64_d01d03_1h_20260621T162631Z/scratch --max-dom 3 --hours 1"
1782059203,2026-06-21T17:26:43+01:00,3101662,3101658,Rl,0,89.2,2.1,2070816,22654056,"python -m gpuwrf run --input-dir <DATA_ROOT>/wrf_downscale/canary_all7/run --namelist <DATA_ROOT>/wrf_downscale/canary_all7/run/namelist.input --output-dir proofs/v020/s4/fp64_d01d03_1h_20260621T162631Z/output --proof-dir proofs/v020/s4/fp64_d01d03_1h_20260621T162631Z/proofs --scratch-dir proofs/v020/s4/fp64_d01d03_1h_20260621T162631Z/scratch --max-dom 3 --hours 1"
1782059205,2026-06-21T17:26:45+01:00,3101658,3101571,S,18,0.0,0.0,1740,2784,"/usr/bin/time -f wall_s=%e\nmaxrss_kib=%M -o proofs/v020/s4/fp64_d01d03_1h_20260621T162631Z/time.txt taskset -c 0-3 python -m gpuwrf run --input-dir <DATA_ROOT>/wrf_downscale/canary_all7/run --namelist <DATA_ROOT>/wrf_downscale/canary_all7/run/namelist.input --output-dir proofs/v020/s4/fp64_d01d03_1h_20260621T162631Z/output --proof-dir proofs/v020/s4/fp64_d01d03_1h_20260621T162631Z/proofs --scratch-dir proofs/v020/s4/fp64_d01d03_1h_20260621T162631Z/scratch --max-dom 3 --hours 1"
1782059205,2026-06-21T17:26:45+01:00,3101662,3101658,Rl,3,89.5,2.3,2324756,23037736,"python -m gpuwrf run --input-dir <DATA_ROOT>/wrf_downscale/canary_all7/run --namelist <DATA_ROOT>/wrf_downscale/canary_all7/run/namelist.input --output-dir proofs/v020/s4/fp64_d01d03_1h_20260621T162631Z/output --proof-dir proofs/v020/s4/fp64_d01d03_1h_20260621T162631Z/proofs --scratch-dir proofs/v020/s4/fp64_d01d03_1h_20260621T162631Z/scratch --max-dom 3 --hours 1"
1782059207,2026-06-21T17:26:47+01:00,3101658,3101571,S,18,0.0,0.0,1740,2784,"/usr/bin/time -f wall_s=%e\nmaxrss_kib=%M -o proofs/v020/s4/fp64_d01d03_1h_20260621T162631Z/time.txt taskset -c 0-3 python -m gpuwrf run --input-dir <DATA_ROOT>/wrf_downscale/canary_all7/run --namelist <DATA_ROOT>/wrf_downscale/canary_all7/run/namelist.input --output-dir proofs/v020/s4/fp64_d01d03_1h_20260621T162631Z/output --proof-dir proofs/v020/s4/fp64_d01d03_1h_20260621T162631Z/proofs --scratch-dir proofs/v020/s4/fp64_d01d03_1h_20260621T162631Z/scratch --max-dom 3 --hours 1"
1782059207,2026-06-21T17:26:47+01:00,3101662,3101658,Rl,3,92.7,2.4,2388728,23102688,"python -m gpuwrf run --input-dir <DATA_ROOT>/wrf_downscale/canary_all7/run --namelist <DATA_ROOT>/wrf_downscale/canary_all7/run/namelist.input --output-dir proofs/v020/s4/fp64_d01d03_1h_20260621T162631Z/output --proof-dir proofs/v020/s4/fp64_d01d03_1h_20260621T162631Z/proofs --scratch-dir proofs/v020/s4/fp64_d01d03_1h_20260621T162631Z/scratch --max-dom 3 --hours 1"
1782059209,2026-06-21T17:26:49+01:00,3101658,3101571,S,18,0.0,0.0,1740,2784,"/usr/bin/time -f wall_s=%e\nmaxrss_kib=%M -o proofs/v020/s4/fp64_d01d03_1h_20260621T162631Z/time.txt taskset -c 0-3 python -m gpuwrf run --input-dir <DATA_ROOT>/wrf_downscale/canary_all7/run --namelist <DATA_ROOT>/wrf_downscale/canary_all7/run/namelist.input --output-dir proofs/v020/s4/fp64_d01d03_1h_20260621T162631Z/output --proof-dir proofs/v020/s4/fp64_d01d03_1h_20260621T162631Z/proofs --scratch-dir proofs/v020/s4/fp64_d01d03_1h_20260621T162631Z/scratch --max-dom 3 --hours 1"
1782059209,2026-06-21T17:26:49+01:00,3101662,3101658,Rl,2,95.8,2.4,2390824,23104404,"python -m gpuwrf run --input-dir <DATA_ROOT>/wrf_downscale/canary_all7/run --namelist <DATA_ROOT>/wrf_downscale/canary_all7/run/namelist.input --output-dir proofs/v020/s4/fp64_d01d03_1h_20260621T162631Z/output --proof-dir proofs/v020/s4/fp64_d01d03_1h_20260621T162631Z/proofs --scratch-dir proofs/v020/s4/fp64_d01d03_1h_20260621T162631Z/scratch --max-dom 3 --hours 1"
1782059212,2026-06-21T17:26:52+01:00,3101658,3101571,S,18,0.0,0.0,1740,2784,"/usr/bin/time -f wall_s=%e\nmaxrss_kib=%M -o proofs/v020/s4/fp64_d01d03_1h_20260621T162631Z/time.txt taskset -c 0-3 python -m gpuwrf run --input-dir <DATA_ROOT>/wrf_downscale/canary_all7/run --namelist <DATA_ROOT>/wrf_downscale/canary_all7/run/namelist.input --output-dir proofs/v020/s4/fp64_d01d03_1h_20260621T162631Z/output --proof-dir proofs/v020/s4/fp64_d01d03_1h_20260621T162631Z/proofs --scratch-dir proofs/v020/s4/fp64_d01d03_1h_20260621T162631Z/scratch --max-dom 3 --hours 1"
1782059212,2026-06-21T17:26:52+01:00,3101662,3101658,Rl,1,97.0,2.4,2442848,23123060,"python -m gpuwrf run --input-dir <DATA_ROOT>/wrf_downscale/canary_all7/run --namelist <DATA_ROOT>/wrf_downscale/canary_all7/run/namelist.input --output-dir proofs/v020/s4/fp64_d01d03_1h_20260621T162631Z/output --proof-dir proofs/v020/s4/fp64_d01d03_1h_20260621T162631Z/proofs --scratch-dir proofs/v020/s4/fp64_d01d03_1h_20260621T162631Z/scratch --max-dom 3 --hours 1"
1782059214,2026-06-21T17:26:54+01:00,3101658,3101571,S,18,0.0,0.0,1740,2784,"/usr/bin/time -f wall_s=%e\nmaxrss_kib=%M -o proofs/v020/s4/fp64_d01d03_1h_20260621T162631Z/time.txt taskset -c 0-3 python -m gpuwrf run --input-dir <DATA_ROOT>/wrf_downscale/canary_all7/run --namelist <DATA_ROOT>/wrf_downscale/canary_all7/run/namelist.input --output-dir proofs/v020/s4/fp64_d01d03_1h_20260621T162631Z/output --proof-dir proofs/v020/s4/fp64_d01d03_1h_20260621T162631Z/proofs --scratch-dir proofs/v020/s4/fp64_d01d03_1h_20260621T162631Z/scratch --max-dom 3 --hours 1"
1782059214,2026-06-21T17:26:54+01:00,3101662,3101658,Dl,1,97.2,2.2,2205000,22671752,"python -m gpuwrf run --input-dir <DATA_ROOT>/wrf_downscale/canary_all7/run --namelist <DATA_ROOT>/wrf_downscale/canary_all7/run/namelist.input --output-dir proofs/v020/s4/fp64_d01d03_1h_20260621T162631Z/output --proof-dir proofs/v020/s4/fp64_d01d03_1h_20260621T162631Z/proofs --scratch-dir proofs/v020/s4/fp64_d01d03_1h_20260621T162631Z/scratch --max-dom 3 --hours 1"
