timestamp, memory.used [MiB], memory.free [MiB], utilization.gpu [%]
2026/05/28 17:17:39.590, 11544 MiB, 20568 MiB, 0 %
2026/05/28 17:17:39.794, 11544 MiB, 20568 MiB, 0 %
2026/05/28 17:17:39.994, 11544 MiB, 20568 MiB, 0 %
2026/05/28 17:17:40.194, 11544 MiB, 20568 MiB, 0 %
2026/05/28 17:17:40.394, 11544 MiB, 20568 MiB, 0 %
2026/05/28 17:17:40.594, 11544 MiB, 20568 MiB, 0 %
2026/05/28 17:17:40.795, 11544 MiB, 20568 MiB, 0 %
2026/05/28 17:17:40.995, 11544 MiB, 20568 MiB, 0 %
2026/05/28 17:17:41.195, 11544 MiB, 20568 MiB, 0 %
2026/05/28 17:17:41.395, 11544 MiB, 20568 MiB, 0 %
2026/05/28 17:17:41.595, 11544 MiB, 20568 MiB, 0 %
2026/05/28 17:17:41.795, 11544 MiB, 20568 MiB, 0 %
2026/05/28 17:17:41.995, 11544 MiB, 20568 MiB, 0 %
2026/05/28 17:17:42.195, 11544 MiB, 20568 MiB, 0 %
2026/05/28 17:17:42.395, 11544 MiB, 20568 MiB, 0 %
2026/05/28 17:17:42.596, 11544 MiB, 20568 MiB, 0 %
2026/05/28 17:17:42.796, 11544 MiB, 20568 MiB, 0 %
2026/05/28 17:17:42.996, 11544 MiB, 20568 MiB, 0 %
2026/05/28 17:17:43.196, 11544 MiB, 20568 MiB, 0 %
2026/05/28 17:17:43.396, 11544 MiB, 20568 MiB, 0 %
2026/05/28 17:17:43.596, 11544 MiB, 20568 MiB, 0 %
2026/05/28 17:17:43.796, 11544 MiB, 20568 MiB, 0 %
2026/05/28 17:17:43.996, 11544 MiB, 20568 MiB, 0 %
2026/05/28 17:17:44.197, 11544 MiB, 20568 MiB, 0 %
2026/05/28 17:17:44.397, 11544 MiB, 20568 MiB, 0 %
2026/05/28 17:17:44.597, 11544 MiB, 20568 MiB, 0 %
2026/05/28 17:17:44.797, 11544 MiB, 20568 MiB, 0 %
2026/05/28 17:17:44.997, 11544 MiB, 20568 MiB, 0 %
2026/05/28 17:17:45.197, 11544 MiB, 20568 MiB, 0 %
2026/05/28 17:17:45.397, 11544 MiB, 20568 MiB, 0 %
2026/05/28 17:17:45.598, 11544 MiB, 20568 MiB, 0 %
2026/05/28 17:17:45.798, 11544 MiB, 20568 MiB, 0 %
2026/05/28 17:17:45.998, 11544 MiB, 20568 MiB, 0 %
2026/05/28 17:17:46.198, 11544 MiB, 20568 MiB, 0 %
2026/05/28 17:17:46.398, 11544 MiB, 20568 MiB, 0 %
2026/05/28 17:17:46.599, 11544 MiB, 20568 MiB, 0 %
2026/05/28 17:17:46.799, 11544 MiB, 20568 MiB, 0 %
2026/05/28 17:17:46.999, 11544 MiB, 20568 MiB, 0 %
2026/05/28 17:17:47.199, 11544 MiB, 20568 MiB, 0 %
2026/05/28 17:17:47.399, 11544 MiB, 20568 MiB, 0 %
2026/05/28 17:17:47.600, 11544 MiB, 20568 MiB, 0 %
2026/05/28 17:17:47.800, 11544 MiB, 20568 MiB, 0 %
2026/05/28 17:17:48.000, 11544 MiB, 20568 MiB, 0 %
2026/05/28 17:17:48.200, 11549 MiB, 20563 MiB, 0 %
2026/05/28 17:17:48.401, 11549 MiB, 20563 MiB, 0 %
2026/05/28 17:17:48.601, 11549 MiB, 20563 MiB, 0 %
2026/05/28 17:17:48.801, 11549 MiB, 20563 MiB, 0 %
2026/05/28 17:17:49.001, 11549 MiB, 20563 MiB, 0 %
2026/05/28 17:17:49.201, 11549 MiB, 20563 MiB, 0 %
2026/05/28 17:17:49.402, 11549 MiB, 20563 MiB, 0 %
2026/05/28 17:17:49.602, 11549 MiB, 20563 MiB, 0 %
2026/05/28 17:17:49.802, 11549 MiB, 20563 MiB, 0 %
2026/05/28 17:17:50.002, 11549 MiB, 20563 MiB, 0 %
2026/05/28 17:17:50.202, 11549 MiB, 20563 MiB, 0 %
2026/05/28 17:17:50.403, 11549 MiB, 20563 MiB, 0 %
2026/05/28 17:17:50.603, 11549 MiB, 20563 MiB, 0 %
2026/05/28 17:17:50.803, 11549 MiB, 20563 MiB, 0 %
2026/05/28 17:17:51.003, 11549 MiB, 20563 MiB, 0 %
2026/05/28 17:17:51.203, 11549 MiB, 20563 MiB, 0 %
2026/05/28 17:17:51.404, 11549 MiB, 20563 MiB, 0 %
2026/05/28 17:17:51.604, 11549 MiB, 20563 MiB, 0 %
2026/05/28 17:17:51.804, 11549 MiB, 20563 MiB, 0 %
2026/05/28 17:17:52.004, 11549 MiB, 20563 MiB, 0 %
2026/05/28 17:17:52.204, 11549 MiB, 20563 MiB, 0 %
2026/05/28 17:17:52.405, 11549 MiB, 20563 MiB, 0 %
2026/05/28 17:17:52.605, 11549 MiB, 20563 MiB, 0 %
2026/05/28 17:17:52.805, 11549 MiB, 20563 MiB, 0 %
2026/05/28 17:17:53.005, 11549 MiB, 20563 MiB, 0 %
2026/05/28 17:17:53.205, 11549 MiB, 20563 MiB, 0 %
2026/05/28 17:17:53.406, 11549 MiB, 20563 MiB, 0 %
2026/05/28 17:17:53.606, 11549 MiB, 20563 MiB, 0 %
2026/05/28 17:17:53.806, 11549 MiB, 20563 MiB, 0 %
2026/05/28 17:17:54.006, 11549 MiB, 20563 MiB, 0 %
2026/05/28 17:17:54.206, 11549 MiB, 20563 MiB, 0 %
2026/05/28 17:17:54.407, 11549 MiB, 20563 MiB, 0 %
2026/05/28 17:17:54.607, 11549 MiB, 20563 MiB, 0 %
2026/05/28 17:17:54.807, 11549 MiB, 20563 MiB, 0 %
2026/05/28 17:17:55.007, 11549 MiB, 20563 MiB, 0 %
2026/05/28 17:17:55.207, 11549 MiB, 20563 MiB, 0 %
2026/05/28 17:17:55.408, 11549 MiB, 20563 MiB, 0 %
2026/05/28 17:17:55.608, 11549 MiB, 20563 MiB, 0 %
2026/05/28 17:17:55.808, 11549 MiB, 20563 MiB, 0 %
2026/05/28 17:17:56.008, 11549 MiB, 20563 MiB, 0 %
2026/05/28 17:17:56.208, 11549 MiB, 20563 MiB, 0 %
2026/05/28 17:17:56.409, 11549 MiB, 20563 MiB, 0 %
2026/05/28 17:17:56.609, 12088 MiB, 20024 MiB, 0 %
2026/05/28 17:17:56.809, 12088 MiB, 20024 MiB, 1 %
2026/05/28 17:17:57.009, 12088 MiB, 20024 MiB, 1 %
2026/05/28 17:17:57.209, 12088 MiB, 20024 MiB, 0 %
2026/05/28 17:17:57.409, 12144 MiB, 19968 MiB, 0 %
2026/05/28 17:17:57.609, 12712 MiB, 19400 MiB, 0 %
2026/05/28 17:17:57.810, 12774 MiB, 19338 MiB, 0 %
2026/05/28 17:17:58.010, 12774 MiB, 19338 MiB, 0 %
2026/05/28 17:17:58.210, 12774 MiB, 19338 MiB, 0 %
2026/05/28 17:17:58.410, 12806 MiB, 19306 MiB, 0 %
2026/05/28 17:17:58.612, 12842 MiB, 19270 MiB, 0 %
2026/05/28 17:17:58.812, 12842 MiB, 19270 MiB, 1 %
2026/05/28 17:17:59.012, 12842 MiB, 19270 MiB, 1 %
2026/05/28 17:17:59.212, 12842 MiB, 19270 MiB, 0 %
2026/05/28 17:17:59.412, 12842 MiB, 19270 MiB, 0 %
2026/05/28 17:17:59.612, 12846 MiB, 19266 MiB, 0 %
2026/05/28 17:17:59.813, 12846 MiB, 19266 MiB, 0 %
2026/05/28 17:18:00.013, 12846 MiB, 19266 MiB, 0 %
2026/05/28 17:18:00.213, 12846 MiB, 19266 MiB, 1 %
2026/05/28 17:18:00.413, 12974 MiB, 19138 MiB, 1 %
2026/05/28 17:18:00.613, 13006 MiB, 19106 MiB, 1 %
2026/05/28 17:18:00.813, 13006 MiB, 19106 MiB, 1 %
2026/05/28 17:18:01.013, 13006 MiB, 19106 MiB, 1 %
2026/05/28 17:18:01.213, 13006 MiB, 19106 MiB, 0 %
2026/05/28 17:18:01.414, 13006 MiB, 19106 MiB, 0 %
2026/05/28 17:18:01.614, 13038 MiB, 19074 MiB, 0 %
2026/05/28 17:18:01.814, 13038 MiB, 19074 MiB, 3 %
2026/05/28 17:18:02.014, 13038 MiB, 19074 MiB, 3 %
2026/05/28 17:18:02.214, 13038 MiB, 19074 MiB, 0 %
2026/05/28 17:18:02.415, 13038 MiB, 19074 MiB, 0 %
2026/05/28 17:18:02.616, 13038 MiB, 19074 MiB, 0 %
2026/05/28 17:18:02.816, 13070 MiB, 19042 MiB, 3 %
2026/05/28 17:18:03.016, 13070 MiB, 19042 MiB, 3 %
2026/05/28 17:18:03.216, 13070 MiB, 19042 MiB, 0 %
2026/05/28 17:18:03.416, 13070 MiB, 19042 MiB, 0 %
2026/05/28 17:18:03.617, 13070 MiB, 19042 MiB, 0 %
2026/05/28 17:18:03.817, 13102 MiB, 19010 MiB, 0 %
2026/05/28 17:18:04.017, 13102 MiB, 19010 MiB, 0 %
2026/05/28 17:18:04.217, 13102 MiB, 19010 MiB, 1 %
2026/05/28 17:18:04.417, 13102 MiB, 19010 MiB, 1 %
2026/05/28 17:18:04.617, 13102 MiB, 19010 MiB, 0 %
2026/05/28 17:18:04.817, 13358 MiB, 18754 MiB, 0 %
2026/05/28 17:18:05.018, 13390 MiB, 18722 MiB, 0 %
2026/05/28 17:18:05.218, 13390 MiB, 18722 MiB, 2 %
2026/05/28 17:18:05.418, 13390 MiB, 18722 MiB, 2 %
2026/05/28 17:18:05.618, 13390 MiB, 18722 MiB, 0 %
2026/05/28 17:18:05.818, 13390 MiB, 18722 MiB, 0 %
2026/05/28 17:18:06.019, 13422 MiB, 18690 MiB, 0 %
2026/05/28 17:18:06.219, 13422 MiB, 18690 MiB, 3 %
2026/05/28 17:18:06.419, 13422 MiB, 18690 MiB, 3 %
2026/05/28 17:18:06.619, 13422 MiB, 18690 MiB, 1 %
2026/05/28 17:18:06.819, 13422 MiB, 18690 MiB, 1 %
2026/05/28 17:18:07.020, 13422 MiB, 18690 MiB, 1 %
2026/05/28 17:18:07.220, 13454 MiB, 18658 MiB, 0 %
2026/05/28 17:18:07.420, 13454 MiB, 18658 MiB, 0 %
2026/05/28 17:18:07.620, 13454 MiB, 18658 MiB, 1 %
2026/05/28 17:18:07.820, 13454 MiB, 18658 MiB, 1 %
2026/05/28 17:18:08.021, 13454 MiB, 18658 MiB, 1 %
2026/05/28 17:18:08.221, 13486 MiB, 18626 MiB, 0 %
2026/05/28 17:18:08.421, 13486 MiB, 18626 MiB, 0 %
2026/05/28 17:18:08.621, 13486 MiB, 18626 MiB, 0 %
2026/05/28 17:18:08.821, 13486 MiB, 18626 MiB, 0 %
2026/05/28 17:18:09.021, 13486 MiB, 18626 MiB, 0 %
2026/05/28 17:18:09.233, 13486 MiB, 18626 MiB, 0 %
2026/05/28 17:18:09.434, 13486 MiB, 18626 MiB, 0 %
2026/05/28 17:18:09.634, 13486 MiB, 18626 MiB, 0 %
2026/05/28 17:18:09.834, 13486 MiB, 18626 MiB, 0 %
2026/05/28 17:18:10.034, 13486 MiB, 18626 MiB, 0 %
2026/05/28 17:18:10.234, 13486 MiB, 18626 MiB, 0 %
2026/05/28 17:18:10.435, 13486 MiB, 18626 MiB, 0 %
2026/05/28 17:18:10.635, 13486 MiB, 18626 MiB, 0 %
2026/05/28 17:18:10.835, 13486 MiB, 18626 MiB, 0 %
2026/05/28 17:18:11.035, 13486 MiB, 18626 MiB, 0 %
2026/05/28 17:18:11.235, 13486 MiB, 18626 MiB, 0 %
2026/05/28 17:18:11.436, 13486 MiB, 18626 MiB, 0 %
2026/05/28 17:18:11.636, 13486 MiB, 18626 MiB, 0 %
2026/05/28 17:18:11.836, 13486 MiB, 18626 MiB, 0 %
2026/05/28 17:18:12.036, 13582 MiB, 18530 MiB, 0 %
2026/05/28 17:18:12.237, 13582 MiB, 18530 MiB, 0 %
2026/05/28 17:18:12.437, 13582 MiB, 18530 MiB, 0 %
2026/05/28 17:18:12.637, 13614 MiB, 18498 MiB, 0 %
2026/05/28 17:18:12.837, 13614 MiB, 18498 MiB, 0 %
2026/05/28 17:18:13.037, 13614 MiB, 18498 MiB, 0 %
2026/05/28 17:18:13.238, 13614 MiB, 18498 MiB, 0 %
2026/05/28 17:18:13.438, 13614 MiB, 18498 MiB, 0 %
2026/05/28 17:18:13.638, 13614 MiB, 18498 MiB, 0 %
2026/05/28 17:18:13.838, 13614 MiB, 18498 MiB, 0 %
2026/05/28 17:18:14.038, 13614 MiB, 18498 MiB, 0 %
2026/05/28 17:18:14.239, 13614 MiB, 18498 MiB, 0 %
2026/05/28 17:18:14.439, 13614 MiB, 18498 MiB, 0 %
2026/05/28 17:18:14.639, 13614 MiB, 18498 MiB, 0 %
2026/05/28 17:18:14.840, 13614 MiB, 18498 MiB, 0 %
2026/05/28 17:18:15.040, 13614 MiB, 18498 MiB, 0 %
2026/05/28 17:18:15.240, 13614 MiB, 18498 MiB, 0 %
2026/05/28 17:18:15.440, 13614 MiB, 18498 MiB, 0 %
2026/05/28 17:18:15.640, 13614 MiB, 18498 MiB, 0 %
2026/05/28 17:18:15.841, 13614 MiB, 18498 MiB, 0 %
2026/05/28 17:18:16.041, 13614 MiB, 18498 MiB, 0 %
2026/05/28 17:18:16.241, 13614 MiB, 18498 MiB, 0 %
2026/05/28 17:18:16.441, 13614 MiB, 18498 MiB, 0 %
2026/05/28 17:18:16.641, 13614 MiB, 18498 MiB, 0 %
2026/05/28 17:18:16.841, 13614 MiB, 18498 MiB, 0 %
2026/05/28 17:18:17.041, 13614 MiB, 18498 MiB, 0 %
2026/05/28 17:18:17.241, 13614 MiB, 18498 MiB, 0 %
2026/05/28 17:18:17.442, 13614 MiB, 18498 MiB, 0 %
2026/05/28 17:18:17.642, 13614 MiB, 18498 MiB, 0 %
2026/05/28 17:18:17.842, 13614 MiB, 18498 MiB, 0 %
2026/05/28 17:18:18.045, 13614 MiB, 18498 MiB, 0 %
2026/05/28 17:18:18.245, 13614 MiB, 18498 MiB, 0 %
2026/05/28 17:18:18.447, 13614 MiB, 18498 MiB, 0 %
2026/05/28 17:18:18.647, 13614 MiB, 18498 MiB, 0 %
2026/05/28 17:18:18.847, 13614 MiB, 18498 MiB, 0 %
2026/05/28 17:18:19.047, 13614 MiB, 18498 MiB, 0 %
2026/05/28 17:18:19.248, 13614 MiB, 18498 MiB, 0 %
2026/05/28 17:18:19.448, 13614 MiB, 18498 MiB, 0 %
2026/05/28 17:18:19.648, 13614 MiB, 18498 MiB, 0 %
2026/05/28 17:18:19.848, 13614 MiB, 18498 MiB, 0 %
2026/05/28 17:18:20.048, 13614 MiB, 18498 MiB, 0 %
2026/05/28 17:18:20.249, 13614 MiB, 18498 MiB, 0 %
2026/05/28 17:18:20.449, 13614 MiB, 18498 MiB, 0 %
2026/05/28 17:18:20.653, 13614 MiB, 18498 MiB, 0 %
2026/05/28 17:18:20.853, 13614 MiB, 18498 MiB, 0 %
2026/05/28 17:18:21.053, 13614 MiB, 18498 MiB, 0 %
2026/05/28 17:18:21.253, 13614 MiB, 18498 MiB, 0 %
2026/05/28 17:18:21.453, 13614 MiB, 18498 MiB, 0 %
2026/05/28 17:18:21.654, 13614 MiB, 18498 MiB, 0 %
2026/05/28 17:18:21.854, 13614 MiB, 18498 MiB, 0 %
2026/05/28 17:18:22.057, 13614 MiB, 18498 MiB, 0 %
2026/05/28 17:18:22.257, 13614 MiB, 18498 MiB, 0 %
2026/05/28 17:18:22.457, 13614 MiB, 18498 MiB, 0 %
2026/05/28 17:18:22.658, 13614 MiB, 18498 MiB, 0 %
2026/05/28 17:18:22.860, 13614 MiB, 18498 MiB, 0 %
2026/05/28 17:18:23.060, 13614 MiB, 18498 MiB, 0 %
2026/05/28 17:18:23.266, 13614 MiB, 18498 MiB, 0 %
2026/05/28 17:18:23.467, 13614 MiB, 18498 MiB, 0 %
2026/05/28 17:18:23.667, 13614 MiB, 18498 MiB, 0 %
2026/05/28 17:18:23.867, 13614 MiB, 18498 MiB, 0 %
2026/05/28 17:18:24.074, 13614 MiB, 18498 MiB, 0 %
2026/05/28 17:18:24.274, 13614 MiB, 18498 MiB, 0 %
2026/05/28 17:18:24.475, 13614 MiB, 18498 MiB, 0 %
2026/05/28 17:18:24.675, 13614 MiB, 18498 MiB, 0 %
2026/05/28 17:18:24.875, 13614 MiB, 18498 MiB, 0 %
2026/05/28 17:18:25.075, 13614 MiB, 18498 MiB, 0 %
2026/05/28 17:18:25.276, 13614 MiB, 18498 MiB, 0 %
2026/05/28 17:18:25.476, 13614 MiB, 18498 MiB, 0 %
2026/05/28 17:18:25.676, 13614 MiB, 18498 MiB, 0 %
2026/05/28 17:18:25.877, 13614 MiB, 18498 MiB, 0 %
2026/05/28 17:18:26.078, 13614 MiB, 18498 MiB, 0 %
2026/05/28 17:18:26.278, 13614 MiB, 18498 MiB, 0 %
2026/05/28 17:18:26.478, 13614 MiB, 18498 MiB, 0 %
2026/05/28 17:18:26.678, 13614 MiB, 18498 MiB, 0 %
2026/05/28 17:18:26.879, 13614 MiB, 18498 MiB, 0 %
2026/05/28 17:18:27.079, 13614 MiB, 18498 MiB, 0 %
2026/05/28 17:18:27.279, 13614 MiB, 18498 MiB, 0 %
2026/05/28 17:18:27.480, 13614 MiB, 18498 MiB, 0 %
2026/05/28 17:18:27.683, 13614 MiB, 18498 MiB, 0 %
2026/05/28 17:18:27.886, 13614 MiB, 18498 MiB, 0 %
2026/05/28 17:18:28.086, 13614 MiB, 18498 MiB, 0 %
2026/05/28 17:18:28.286, 13614 MiB, 18498 MiB, 0 %
2026/05/28 17:18:28.486, 13614 MiB, 18498 MiB, 0 %
2026/05/28 17:18:28.686, 13614 MiB, 18498 MiB, 0 %
2026/05/28 17:18:28.887, 13614 MiB, 18498 MiB, 0 %
2026/05/28 17:18:29.087, 13614 MiB, 18498 MiB, 0 %
2026/05/28 17:18:29.287, 13614 MiB, 18498 MiB, 0 %
2026/05/28 17:18:29.487, 13614 MiB, 18498 MiB, 0 %
2026/05/28 17:18:29.687, 13614 MiB, 18498 MiB, 0 %
2026/05/28 17:18:29.887, 13614 MiB, 18498 MiB, 0 %
2026/05/28 17:18:30.088, 13614 MiB, 18498 MiB, 0 %
2026/05/28 17:18:30.288, 13614 MiB, 18498 MiB, 0 %
2026/05/28 17:18:30.488, 13614 MiB, 18498 MiB, 0 %
2026/05/28 17:18:30.690, 13614 MiB, 18498 MiB, 0 %
2026/05/28 17:18:30.890, 13614 MiB, 18498 MiB, 0 %
2026/05/28 17:18:31.090, 13614 MiB, 18498 MiB, 0 %
2026/05/28 17:18:31.290, 14288 MiB, 17824 MiB, 0 %
2026/05/28 17:18:31.490, 16432 MiB, 15680 MiB, 0 %
2026/05/28 17:18:31.691, 13776 MiB, 18336 MiB, 39 %
2026/05/28 17:18:31.891, 13936 MiB, 18176 MiB, 39 %
2026/05/28 17:18:32.091, 15632 MiB, 16480 MiB, 39 %
2026/05/28 17:18:32.292, 15632 MiB, 16480 MiB, 2 %
2026/05/28 17:18:32.492, 15632 MiB, 16480 MiB, 2 %
2026/05/28 17:18:32.697, 15632 MiB, 16480 MiB, 0 %
2026/05/28 17:18:32.897, 13680 MiB, 18432 MiB, 0 %
2026/05/28 17:18:33.097, 13840 MiB, 18272 MiB, 0 %
2026/05/28 17:18:33.298, 16464 MiB, 15648 MiB, 3 %
2026/05/28 17:18:33.498, 16464 MiB, 15648 MiB, 3 %
2026/05/28 17:18:33.698, 16464 MiB, 15648 MiB, 0 %
2026/05/28 17:18:33.898, 16464 MiB, 15648 MiB, 0 %
2026/05/28 17:18:34.098, 13648 MiB, 18464 MiB, 0 %
2026/05/28 17:18:34.298, 13648 MiB, 18464 MiB, 6 %
2026/05/28 17:18:34.498, 17680 MiB, 14432 MiB, 6 %
2026/05/28 17:18:34.701, 17680 MiB, 14432 MiB, 7 %
2026/05/28 17:18:34.901, 15696 MiB, 16416 MiB, 7 %
2026/05/28 17:18:35.101, 15696 MiB, 16416 MiB, 7 %
2026/05/28 17:18:35.301, 19760 MiB, 12352 MiB, 2 %
2026/05/28 17:18:35.501, 16464 MiB, 15648 MiB, 2 %
2026/05/28 17:18:35.702, 14128 MiB, 17984 MiB, 35 %
2026/05/28 17:18:35.902, 13776 MiB, 18336 MiB, 35 %
2026/05/28 17:18:36.102, 15504 MiB, 16608 MiB, 35 %
2026/05/28 17:18:36.302, 16784 MiB, 15328 MiB, 3 %
2026/05/28 17:18:36.503, 16848 MiB, 15264 MiB, 3 %
2026/05/28 17:18:36.703, 16848 MiB, 15264 MiB, 0 %
2026/05/28 17:18:36.903, 16848 MiB, 15264 MiB, 0 %
2026/05/28 17:18:37.103, 16848 MiB, 15264 MiB, 0 %
2026/05/28 17:18:37.303, 16848 MiB, 15264 MiB, 0 %
2026/05/28 17:18:37.504, 16848 MiB, 15264 MiB, 0 %
2026/05/28 17:18:37.704, 16848 MiB, 15264 MiB, 0 %
2026/05/28 17:18:37.904, 16848 MiB, 15264 MiB, 0 %
2026/05/28 17:18:38.105, 16848 MiB, 15264 MiB, 0 %
2026/05/28 17:18:38.305, 16848 MiB, 15264 MiB, 0 %
2026/05/28 17:18:38.505, 16848 MiB, 15264 MiB, 0 %
2026/05/28 17:18:38.705, 16848 MiB, 15264 MiB, 0 %
2026/05/28 17:18:38.905, 16848 MiB, 15264 MiB, 0 %
2026/05/28 17:18:39.105, 16848 MiB, 15264 MiB, 0 %
2026/05/28 17:18:39.305, 16848 MiB, 15264 MiB, 0 %
2026/05/28 17:18:39.505, 16848 MiB, 15264 MiB, 0 %
2026/05/28 17:18:39.705, 16848 MiB, 15264 MiB, 0 %
2026/05/28 17:18:39.906, 16848 MiB, 15264 MiB, 0 %
2026/05/28 17:18:40.106, 16848 MiB, 15264 MiB, 0 %
2026/05/28 17:18:40.306, 16848 MiB, 15264 MiB, 0 %
2026/05/28 17:18:40.506, 16848 MiB, 15264 MiB, 0 %
2026/05/28 17:18:40.706, 16848 MiB, 15264 MiB, 0 %
2026/05/28 17:18:40.907, 16848 MiB, 15264 MiB, 0 %
2026/05/28 17:18:41.107, 16848 MiB, 15264 MiB, 0 %
2026/05/28 17:18:41.307, 16848 MiB, 15264 MiB, 0 %
2026/05/28 17:18:41.507, 16848 MiB, 15264 MiB, 0 %
2026/05/28 17:18:41.707, 16848 MiB, 15264 MiB, 0 %
2026/05/28 17:18:41.907, 16848 MiB, 15264 MiB, 0 %
2026/05/28 17:18:42.108, 16848 MiB, 15264 MiB, 0 %
2026/05/28 17:18:42.308, 16848 MiB, 15264 MiB, 0 %
2026/05/28 17:18:42.508, 16848 MiB, 15264 MiB, 0 %
2026/05/28 17:18:42.708, 16848 MiB, 15264 MiB, 0 %
2026/05/28 17:18:42.908, 16848 MiB, 15264 MiB, 0 %
2026/05/28 17:18:43.108, 16848 MiB, 15264 MiB, 0 %
2026/05/28 17:18:43.308, 16848 MiB, 15264 MiB, 0 %
2026/05/28 17:18:43.508, 16848 MiB, 15264 MiB, 0 %
2026/05/28 17:18:43.709, 16848 MiB, 15264 MiB, 0 %
2026/05/28 17:18:43.909, 16848 MiB, 15264 MiB, 0 %
2026/05/28 17:18:44.109, 16848 MiB, 15264 MiB, 0 %
2026/05/28 17:18:44.309, 16848 MiB, 15264 MiB, 0 %
2026/05/28 17:18:44.509, 16848 MiB, 15264 MiB, 0 %
2026/05/28 17:18:44.709, 16848 MiB, 15264 MiB, 0 %
2026/05/28 17:18:44.909, 16848 MiB, 15264 MiB, 0 %
2026/05/28 17:18:45.109, 16848 MiB, 15264 MiB, 0 %
2026/05/28 17:18:45.310, 16848 MiB, 15264 MiB, 0 %
2026/05/28 17:18:45.510, 16848 MiB, 15264 MiB, 0 %
2026/05/28 17:18:45.710, 16848 MiB, 15264 MiB, 0 %
2026/05/28 17:18:45.910, 16848 MiB, 15264 MiB, 0 %
2026/05/28 17:18:46.110, 16848 MiB, 15264 MiB, 0 %
2026/05/28 17:18:46.310, 16848 MiB, 15264 MiB, 0 %
2026/05/28 17:18:46.510, 16848 MiB, 15264 MiB, 0 %
2026/05/28 17:18:46.710, 16848 MiB, 15264 MiB, 0 %
2026/05/28 17:18:46.910, 16848 MiB, 15264 MiB, 0 %
2026/05/28 17:18:47.111, 16848 MiB, 15264 MiB, 0 %
2026/05/28 17:18:47.311, 16848 MiB, 15264 MiB, 0 %
2026/05/28 17:18:47.516, 16848 MiB, 15264 MiB, 0 %
2026/05/28 17:18:47.716, 17362 MiB, 14750 MiB, 0 %
2026/05/28 17:18:47.916, 17362 MiB, 14750 MiB, 0 %
2026/05/28 17:18:48.116, 18386 MiB, 13726 MiB, 0 %
2026/05/28 17:18:48.316, 18386 MiB, 13726 MiB, 4 %
2026/05/28 17:18:48.517, 18386 MiB, 13726 MiB, 4 %
2026/05/28 17:18:48.717, 18386 MiB, 13726 MiB, 0 %
2026/05/28 17:18:48.917, 18386 MiB, 13726 MiB, 0 %
2026/05/28 17:18:49.117, 18386 MiB, 13726 MiB, 0 %
2026/05/28 17:18:49.317, 18386 MiB, 13726 MiB, 6 %
2026/05/28 17:18:49.517, 18386 MiB, 13726 MiB, 6 %
2026/05/28 17:18:49.717, 18386 MiB, 13726 MiB, 1 %
2026/05/28 17:18:49.917, 18386 MiB, 13726 MiB, 1 %
2026/05/28 17:18:50.119, 18386 MiB, 13726 MiB, 1 %
2026/05/28 17:18:50.319, 18386 MiB, 13726 MiB, 6 %
2026/05/28 17:18:50.519, 18386 MiB, 13726 MiB, 6 %
2026/05/28 17:18:50.719, 18386 MiB, 13726 MiB, 0 %
2026/05/28 17:18:50.919, 18386 MiB, 13726 MiB, 0 %
2026/05/28 17:18:51.120, 18386 MiB, 13726 MiB, 0 %
2026/05/28 17:18:51.320, 18386 MiB, 13726 MiB, 0 %
2026/05/28 17:18:51.520, 18386 MiB, 13726 MiB, 0 %
2026/05/28 17:18:51.720, 18386 MiB, 13726 MiB, 0 %
2026/05/28 17:18:51.920, 18386 MiB, 13726 MiB, 0 %
2026/05/28 17:18:52.120, 18386 MiB, 13726 MiB, 0 %
2026/05/28 17:18:52.322, 18386 MiB, 13726 MiB, 0 %
2026/05/28 17:18:52.522, 18386 MiB, 13726 MiB, 0 %
2026/05/28 17:18:52.722, 18386 MiB, 13726 MiB, 0 %
2026/05/28 17:18:52.922, 18386 MiB, 13726 MiB, 0 %
2026/05/28 17:18:53.122, 18386 MiB, 13726 MiB, 0 %
2026/05/28 17:18:53.323, 18386 MiB, 13726 MiB, 0 %
2026/05/28 17:18:53.523, 18386 MiB, 13726 MiB, 0 %
2026/05/28 17:18:53.723, 18386 MiB, 13726 MiB, 0 %
2026/05/28 17:18:53.923, 18386 MiB, 13726 MiB, 0 %
2026/05/28 17:18:54.123, 18386 MiB, 13726 MiB, 0 %
2026/05/28 17:18:54.323, 18386 MiB, 13726 MiB, 0 %
2026/05/28 17:18:54.523, 18386 MiB, 13726 MiB, 0 %
2026/05/28 17:18:54.723, 18386 MiB, 13726 MiB, 0 %
2026/05/28 17:18:54.924, 18386 MiB, 13726 MiB, 0 %
2026/05/28 17:18:55.124, 18386 MiB, 13726 MiB, 5 %
2026/05/28 17:18:55.324, 18912 MiB, 13200 MiB, 5 %
2026/05/28 17:18:55.524, 18912 MiB, 13200 MiB, 5 %
2026/05/28 17:18:55.724, 18912 MiB, 13200 MiB, 2 %
2026/05/28 17:18:55.924, 18912 MiB, 13200 MiB, 2 %
2026/05/28 17:18:56.124, 18912 MiB, 13200 MiB, 15 %
2026/05/28 17:18:56.324, 18912 MiB, 13200 MiB, 15 %
2026/05/28 17:18:56.524, 18912 MiB, 13200 MiB, 15 %
2026/05/28 17:18:56.725, 18912 MiB, 13200 MiB, 0 %
2026/05/28 17:18:56.925, 18912 MiB, 13200 MiB, 0 %
2026/05/28 17:18:57.125, 18912 MiB, 13200 MiB, 4 %
2026/05/28 17:18:57.325, 18912 MiB, 13200 MiB, 4 %
2026/05/28 17:18:57.525, 18912 MiB, 13200 MiB, 4 %
2026/05/28 17:18:57.725, 18912 MiB, 13200 MiB, 3 %
2026/05/28 17:18:57.925, 18912 MiB, 13200 MiB, 3 %
2026/05/28 17:18:58.125, 18912 MiB, 13200 MiB, 1 %
2026/05/28 17:18:58.326, 18912 MiB, 13200 MiB, 1 %
2026/05/28 17:18:58.526, 18912 MiB, 13200 MiB, 1 %
2026/05/28 17:18:58.726, 18912 MiB, 13200 MiB, 2 %
2026/05/28 17:18:58.926, 18912 MiB, 13200 MiB, 2 %
2026/05/28 17:18:59.128, 18912 MiB, 13200 MiB, 10 %
2026/05/28 17:18:59.328, 18912 MiB, 13200 MiB, 10 %
2026/05/28 17:18:59.528, 18912 MiB, 13200 MiB, 10 %
2026/05/28 17:18:59.728, 18912 MiB, 13200 MiB, 4 %
2026/05/28 17:18:59.928, 18912 MiB, 13200 MiB, 4 %
2026/05/28 17:19:00.129, 18912 MiB, 13200 MiB, 3 %
2026/05/28 17:19:00.329, 18912 MiB, 13200 MiB, 3 %
2026/05/28 17:19:00.529, 18912 MiB, 13200 MiB, 3 %
2026/05/28 17:19:00.729, 18912 MiB, 13200 MiB, 7 %
2026/05/28 17:19:00.931, 18912 MiB, 13200 MiB, 7 %
2026/05/28 17:19:01.131, 18912 MiB, 13200 MiB, 0 %
2026/05/28 17:19:01.331, 18912 MiB, 13200 MiB, 0 %
2026/05/28 17:19:01.531, 18912 MiB, 13200 MiB, 0 %
2026/05/28 17:19:01.731, 18912 MiB, 13200 MiB, 3 %
2026/05/28 17:19:01.932, 18912 MiB, 13200 MiB, 3 %
2026/05/28 17:19:02.132, 18912 MiB, 13200 MiB, 0 %
2026/05/28 17:19:02.332, 18912 MiB, 13200 MiB, 0 %
2026/05/28 17:19:02.532, 18912 MiB, 13200 MiB, 0 %
2026/05/28 17:19:02.732, 18912 MiB, 13200 MiB, 3 %
2026/05/28 17:19:02.932, 18912 MiB, 13200 MiB, 3 %
2026/05/28 17:19:03.132, 18912 MiB, 13200 MiB, 0 %
2026/05/28 17:19:03.332, 18912 MiB, 13200 MiB, 0 %
2026/05/28 17:19:03.532, 18912 MiB, 13200 MiB, 0 %
2026/05/28 17:19:03.733, 18912 MiB, 13200 MiB, 0 %
2026/05/28 17:19:03.933, 18912 MiB, 13200 MiB, 0 %
2026/05/28 17:19:04.133, 18912 MiB, 13200 MiB, 0 %
2026/05/28 17:19:04.333, 18912 MiB, 13200 MiB, 0 %
2026/05/28 17:19:04.533, 18912 MiB, 13200 MiB, 0 %
2026/05/28 17:19:04.733, 18912 MiB, 13200 MiB, 0 %
2026/05/28 17:19:04.933, 18912 MiB, 13200 MiB, 0 %
2026/05/28 17:19:05.133, 24762 MiB, 7350 MiB, 2 %
2026/05/28 17:19:05.333, 24634 MiB, 7478 MiB, 2 %
2026/05/28 17:19:05.534, 16602 MiB, 15510 MiB, 2 %
2026/05/28 17:19:05.734, 16602 MiB, 15510 MiB, 0 %
2026/05/28 17:19:05.934, 16602 MiB, 15510 MiB, 0 %
2026/05/28 17:19:06.134, 16602 MiB, 15510 MiB, 3 %
2026/05/28 17:19:06.334, 16602 MiB, 15510 MiB, 3 %
2026/05/28 17:19:06.534, 16602 MiB, 15510 MiB, 3 %
2026/05/28 17:19:06.735, 16602 MiB, 15510 MiB, 0 %
2026/05/28 17:19:06.935, 16602 MiB, 15510 MiB, 0 %
2026/05/28 17:19:07.135, 16602 MiB, 15510 MiB, 0 %
2026/05/28 17:19:07.336, 16602 MiB, 15510 MiB, 0 %
2026/05/28 17:19:07.536, 16602 MiB, 15510 MiB, 0 %
2026/05/28 17:19:07.736, 16602 MiB, 15510 MiB, 0 %
2026/05/28 17:19:07.936, 16602 MiB, 15510 MiB, 0 %
2026/05/28 17:19:08.136, 16602 MiB, 15510 MiB, 0 %
2026/05/28 17:19:08.336, 16602 MiB, 15510 MiB, 0 %
2026/05/28 17:19:08.537, 16602 MiB, 15510 MiB, 0 %
2026/05/28 17:19:08.751, 16602 MiB, 15510 MiB, 0 %
2026/05/28 17:19:08.951, 16602 MiB, 15510 MiB, 0 %
2026/05/28 17:19:09.151, 16602 MiB, 15510 MiB, 0 %
2026/05/28 17:19:09.351, 16602 MiB, 15510 MiB, 0 %
2026/05/28 17:19:09.551, 16602 MiB, 15510 MiB, 0 %
2026/05/28 17:19:09.752, 16602 MiB, 15510 MiB, 0 %
2026/05/28 17:19:09.952, 16602 MiB, 15510 MiB, 0 %
2026/05/28 17:19:10.152, 16602 MiB, 15510 MiB, 0 %
2026/05/28 17:19:10.352, 16602 MiB, 15510 MiB, 0 %
2026/05/28 17:19:10.552, 16602 MiB, 15510 MiB, 0 %
2026/05/28 17:19:10.752, 16602 MiB, 15510 MiB, 0 %
2026/05/28 17:19:10.952, 16602 MiB, 15510 MiB, 0 %
2026/05/28 17:19:11.152, 16602 MiB, 15510 MiB, 0 %
2026/05/28 17:19:11.355, 16602 MiB, 15510 MiB, 0 %
2026/05/28 17:19:11.555, 16602 MiB, 15510 MiB, 0 %
2026/05/28 17:19:11.755, 16602 MiB, 15510 MiB, 0 %
2026/05/28 17:19:11.959, 16602 MiB, 15510 MiB, 0 %
2026/05/28 17:19:12.159, 16602 MiB, 15510 MiB, 0 %
2026/05/28 17:19:12.359, 16602 MiB, 15510 MiB, 0 %
2026/05/28 17:19:12.559, 16602 MiB, 15510 MiB, 0 %
2026/05/28 17:19:12.759, 16602 MiB, 15510 MiB, 0 %
2026/05/28 17:19:12.960, 16602 MiB, 15510 MiB, 0 %
2026/05/28 17:19:13.164, 16602 MiB, 15510 MiB, 0 %
2026/05/28 17:19:13.364, 16602 MiB, 15510 MiB, 0 %
2026/05/28 17:19:13.564, 16602 MiB, 15510 MiB, 0 %
2026/05/28 17:19:13.765, 16602 MiB, 15510 MiB, 0 %
2026/05/28 17:19:13.965, 16602 MiB, 15510 MiB, 0 %
2026/05/28 17:19:14.165, 16602 MiB, 15510 MiB, 0 %
2026/05/28 17:19:14.365, 16602 MiB, 15510 MiB, 0 %
2026/05/28 17:19:14.565, 16602 MiB, 15510 MiB, 0 %
2026/05/28 17:19:14.765, 16602 MiB, 15510 MiB, 0 %
2026/05/28 17:19:14.965, 16602 MiB, 15510 MiB, 0 %
2026/05/28 17:19:15.166, 16602 MiB, 15510 MiB, 0 %
2026/05/28 17:19:15.366, 16602 MiB, 15510 MiB, 0 %
2026/05/28 17:19:15.566, 16602 MiB, 15510 MiB, 0 %
2026/05/28 17:19:15.766, 16602 MiB, 15510 MiB, 0 %
2026/05/28 17:19:15.966, 16602 MiB, 15510 MiB, 0 %
2026/05/28 17:19:16.166, 16602 MiB, 15510 MiB, 0 %
2026/05/28 17:19:16.367, 16602 MiB, 15510 MiB, 0 %
2026/05/28 17:19:16.567, 16602 MiB, 15510 MiB, 0 %
2026/05/28 17:19:16.767, 16602 MiB, 15510 MiB, 0 %
2026/05/28 17:19:16.968, 16602 MiB, 15510 MiB, 0 %
2026/05/28 17:19:17.169, 16602 MiB, 15510 MiB, 0 %
2026/05/28 17:19:17.369, 16602 MiB, 15510 MiB, 0 %
2026/05/28 17:19:17.569, 16602 MiB, 15510 MiB, 0 %
2026/05/28 17:19:17.769, 16602 MiB, 15510 MiB, 0 %
2026/05/28 17:19:17.969, 16602 MiB, 15510 MiB, 0 %
2026/05/28 17:19:18.169, 16602 MiB, 15510 MiB, 0 %
2026/05/28 17:19:18.370, 16602 MiB, 15510 MiB, 0 %
2026/05/28 17:19:18.570, 16602 MiB, 15510 MiB, 0 %
2026/05/28 17:19:18.770, 16602 MiB, 15510 MiB, 0 %
2026/05/28 17:19:18.970, 16602 MiB, 15510 MiB, 0 %
2026/05/28 17:19:19.170, 16602 MiB, 15510 MiB, 0 %
2026/05/28 17:19:19.370, 16602 MiB, 15510 MiB, 0 %
2026/05/28 17:19:19.570, 16602 MiB, 15510 MiB, 0 %
2026/05/28 17:19:19.770, 16602 MiB, 15510 MiB, 0 %
2026/05/28 17:19:19.970, 16602 MiB, 15510 MiB, 0 %
2026/05/28 17:19:20.171, 16602 MiB, 15510 MiB, 0 %
2026/05/28 17:19:20.371, 16602 MiB, 15510 MiB, 0 %
2026/05/28 17:19:20.571, 16602 MiB, 15510 MiB, 0 %
2026/05/28 17:19:20.771, 16602 MiB, 15510 MiB, 0 %
2026/05/28 17:19:20.971, 16602 MiB, 15510 MiB, 0 %
2026/05/28 17:19:21.171, 16602 MiB, 15510 MiB, 0 %
2026/05/28 17:19:21.371, 16602 MiB, 15510 MiB, 0 %
2026/05/28 17:19:21.571, 16602 MiB, 15510 MiB, 0 %
2026/05/28 17:19:21.771, 16602 MiB, 15510 MiB, 0 %
2026/05/28 17:19:21.972, 16602 MiB, 15510 MiB, 0 %
2026/05/28 17:19:22.172, 16602 MiB, 15510 MiB, 0 %
2026/05/28 17:19:22.372, 16602 MiB, 15510 MiB, 0 %
2026/05/28 17:19:22.572, 16602 MiB, 15510 MiB, 0 %
2026/05/28 17:19:22.772, 16602 MiB, 15510 MiB, 0 %
2026/05/28 17:19:22.972, 31038 MiB, 1074 MiB, 0 %
2026/05/28 17:19:23.172, 31260 MiB, 852 MiB, 33 %
2026/05/28 17:19:23.372, 31260 MiB, 852 MiB, 33 %
2026/05/28 17:19:23.572, 31260 MiB, 852 MiB, 33 %
2026/05/28 17:19:23.773, 31260 MiB, 852 MiB, 100 %
2026/05/28 17:19:23.973, 31260 MiB, 852 MiB, 100 %
2026/05/28 17:19:24.173, 31260 MiB, 852 MiB, 100 %
2026/05/28 17:19:24.373, 31260 MiB, 852 MiB, 100 %
2026/05/28 17:19:24.573, 31260 MiB, 852 MiB, 100 %
2026/05/28 17:19:24.773, 31260 MiB, 852 MiB, 100 %
2026/05/28 17:19:24.973, 31260 MiB, 852 MiB, 100 %
2026/05/28 17:19:25.173, 31260 MiB, 852 MiB, 100 %
2026/05/28 17:19:25.373, 31260 MiB, 852 MiB, 100 %
2026/05/28 17:19:25.574, 31260 MiB, 852 MiB, 100 %
2026/05/28 17:19:25.774, 31260 MiB, 852 MiB, 100 %
2026/05/28 17:19:25.974, 31260 MiB, 852 MiB, 100 %
2026/05/28 17:19:26.174, 31260 MiB, 852 MiB, 99 %
2026/05/28 17:19:26.374, 31260 MiB, 852 MiB, 99 %
2026/05/28 17:19:26.574, 31260 MiB, 852 MiB, 99 %
2026/05/28 17:19:26.774, 31260 MiB, 852 MiB, 100 %
2026/05/28 17:19:26.974, 31260 MiB, 852 MiB, 100 %
2026/05/28 17:19:27.174, 31260 MiB, 852 MiB, 100 %
2026/05/28 17:19:27.375, 31260 MiB, 852 MiB, 100 %
2026/05/28 17:19:27.575, 31260 MiB, 852 MiB, 100 %
2026/05/28 17:19:27.775, 31260 MiB, 852 MiB, 100 %
2026/05/28 17:19:27.975, 31260 MiB, 852 MiB, 100 %
2026/05/28 17:19:28.175, 31260 MiB, 852 MiB, 100 %
2026/05/28 17:19:28.375, 31260 MiB, 852 MiB, 100 %
2026/05/28 17:19:28.578, 31260 MiB, 852 MiB, 100 %
2026/05/28 17:19:28.778, 31260 MiB, 852 MiB, 100 %
2026/05/28 17:19:28.978, 31260 MiB, 852 MiB, 100 %
2026/05/28 17:19:29.178, 31260 MiB, 852 MiB, 100 %
2026/05/28 17:19:29.378, 31260 MiB, 852 MiB, 100 %
2026/05/28 17:19:29.579, 31260 MiB, 852 MiB, 100 %
2026/05/28 17:19:29.779, 31260 MiB, 852 MiB, 2 %
2026/05/28 17:19:29.979, 31260 MiB, 852 MiB, 2 %
2026/05/28 17:19:30.179, 31100 MiB, 1012 MiB, 0 %
2026/05/28 17:19:30.379, 31100 MiB, 1012 MiB, 0 %
2026/05/28 17:19:30.579, 31100 MiB, 1012 MiB, 0 %
2026/05/28 17:19:30.779, 31100 MiB, 1012 MiB, 0 %
2026/05/28 17:19:30.979, 31100 MiB, 1012 MiB, 0 %
2026/05/28 17:19:31.180, 31100 MiB, 1012 MiB, 0 %
2026/05/28 17:19:31.380, 31100 MiB, 1012 MiB, 0 %
2026/05/28 17:19:31.580, 31100 MiB, 1012 MiB, 0 %
2026/05/28 17:19:31.780, 7363 MiB, 24749 MiB, 0 %
2026/05/28 17:19:31.980, 7375 MiB, 24737 MiB, 0 %
2026/05/28 17:19:32.180, 7375 MiB, 24737 MiB, 99 %
2026/05/28 17:19:32.380, 7375 MiB, 24737 MiB, 99 %
2026/05/28 17:19:32.580, 7375 MiB, 24737 MiB, 99 %
2026/05/28 17:19:32.781, 7375 MiB, 24737 MiB, 100 %
2026/05/28 17:19:32.981, 7375 MiB, 24737 MiB, 100 %
2026/05/28 17:19:33.181, 7375 MiB, 24737 MiB, 100 %
2026/05/28 17:19:33.381, 7375 MiB, 24737 MiB, 100 %
2026/05/28 17:19:33.581, 7375 MiB, 24737 MiB, 100 %
2026/05/28 17:19:33.781, 7375 MiB, 24737 MiB, 100 %
2026/05/28 17:19:33.981, 7375 MiB, 24737 MiB, 100 %
2026/05/28 17:19:34.181, 7375 MiB, 24737 MiB, 100 %
2026/05/28 17:19:34.381, 7375 MiB, 24737 MiB, 100 %
2026/05/28 17:19:34.584, 7375 MiB, 24737 MiB, 100 %
2026/05/28 17:19:34.784, 7375 MiB, 24737 MiB, 100 %
2026/05/28 17:19:34.984, 7375 MiB, 24737 MiB, 100 %
2026/05/28 17:19:35.184, 7375 MiB, 24737 MiB, 100 %
2026/05/28 17:19:35.384, 7375 MiB, 24737 MiB, 100 %
2026/05/28 17:19:35.585, 7375 MiB, 24737 MiB, 100 %
2026/05/28 17:19:35.785, 7375 MiB, 24737 MiB, 100 %
2026/05/28 17:19:35.985, 7375 MiB, 24737 MiB, 100 %
2026/05/28 17:19:36.185, 7375 MiB, 24737 MiB, 100 %
2026/05/28 17:19:36.385, 7375 MiB, 24737 MiB, 100 %
2026/05/28 17:19:36.585, 7375 MiB, 24737 MiB, 100 %
2026/05/28 17:19:36.785, 7375 MiB, 24737 MiB, 100 %
2026/05/28 17:19:36.985, 7375 MiB, 24737 MiB, 100 %
2026/05/28 17:19:37.185, 7375 MiB, 24737 MiB, 100 %
2026/05/28 17:19:37.386, 7375 MiB, 24737 MiB, 100 %
2026/05/28 17:19:37.586, 7375 MiB, 24737 MiB, 100 %
2026/05/28 17:19:37.786, 7375 MiB, 24737 MiB, 100 %
2026/05/28 17:19:37.986, 7375 MiB, 24737 MiB, 100 %
2026/05/28 17:19:38.186, 7375 MiB, 24737 MiB, 100 %
2026/05/28 17:19:38.386, 7375 MiB, 24737 MiB, 100 %
2026/05/28 17:19:38.586, 7375 MiB, 24737 MiB, 100 %
2026/05/28 17:19:38.786, 7375 MiB, 24737 MiB, 100 %
2026/05/28 17:19:38.986, 7367 MiB, 24745 MiB, 100 %
2026/05/28 17:19:39.187, 7367 MiB, 24745 MiB, 0 %
2026/05/28 17:19:39.387, 4251 MiB, 27861 MiB, 0 %
2026/05/28 17:19:39.587, 4251 MiB, 27861 MiB, 0 %
2026/05/28 17:19:39.787, 4251 MiB, 27861 MiB, 0 %
2026/05/28 17:19:39.987, 4251 MiB, 27861 MiB, 0 %
2026/05/28 17:19:40.187, 4251 MiB, 27861 MiB, 0 %
2026/05/28 17:19:40.387, 4251 MiB, 27861 MiB, 0 %
2026/05/28 17:19:40.587, 4251 MiB, 27861 MiB, 0 %
2026/05/28 17:19:40.788, 4251 MiB, 27861 MiB, 0 %
2026/05/28 17:19:40.988, 4251 MiB, 27861 MiB, 0 %
2026/05/28 17:19:41.188, 4251 MiB, 27861 MiB, 0 %
2026/05/28 17:19:41.388, 4251 MiB, 27861 MiB, 0 %
2026/05/28 17:19:41.588, 4251 MiB, 27861 MiB, 0 %
2026/05/28 17:19:41.788, 4251 MiB, 27861 MiB, 0 %
2026/05/28 17:19:41.988, 4251 MiB, 27861 MiB, 0 %
2026/05/28 17:19:42.188, 4251 MiB, 27861 MiB, 0 %
2026/05/28 17:19:42.389, 4251 MiB, 27861 MiB, 0 %
2026/05/28 17:19:42.589, 4251 MiB, 27861 MiB, 0 %
2026/05/28 17:19:42.789, 4251 MiB, 27861 MiB, 0 %
2026/05/28 17:19:42.989, 4251 MiB, 27861 MiB, 0 %
2026/05/28 17:19:43.189, 12659 MiB, 19453 MiB, 0 %
2026/05/28 17:19:43.389, 12663 MiB, 19449 MiB, 0 %
2026/05/28 17:19:43.589, 4503 MiB, 27609 MiB, 0 %
2026/05/28 17:19:43.789, 4503 MiB, 27609 MiB, 0 %
2026/05/28 17:19:43.989, 4503 MiB, 27609 MiB, 0 %
2026/05/28 17:19:44.190, 4503 MiB, 27609 MiB, 0 %
2026/05/28 17:19:44.390, 4503 MiB, 27609 MiB, 0 %
2026/05/28 17:19:44.590, 4503 MiB, 27609 MiB, 0 %
2026/05/28 17:19:44.790, 4503 MiB, 27609 MiB, 0 %
2026/05/28 17:19:44.990, 4503 MiB, 27609 MiB, 0 %
2026/05/28 17:19:45.190, 4503 MiB, 27609 MiB, 0 %
2026/05/28 17:19:45.390, 4503 MiB, 27609 MiB, 0 %
2026/05/28 17:19:45.590, 4503 MiB, 27609 MiB, 0 %
2026/05/28 17:19:45.791, 4503 MiB, 27609 MiB, 0 %
2026/05/28 17:19:45.991, 4503 MiB, 27609 MiB, 0 %
2026/05/28 17:19:46.191, 4503 MiB, 27609 MiB, 0 %
2026/05/28 17:19:46.391, 4503 MiB, 27609 MiB, 0 %
2026/05/28 17:19:46.592, 4503 MiB, 27609 MiB, 0 %
2026/05/28 17:19:46.792, 4503 MiB, 27609 MiB, 0 %
2026/05/28 17:19:46.992, 4503 MiB, 27609 MiB, 0 %
2026/05/28 17:19:47.192, 4503 MiB, 27609 MiB, 0 %
2026/05/28 17:19:47.392, 4503 MiB, 27609 MiB, 0 %
2026/05/28 17:19:47.593, 4503 MiB, 27609 MiB, 0 %
2026/05/28 17:19:47.793, 4503 MiB, 27609 MiB, 0 %
2026/05/28 17:19:47.993, 4503 MiB, 27609 MiB, 0 %
2026/05/28 17:19:48.193, 4503 MiB, 27609 MiB, 0 %
2026/05/28 17:19:48.393, 4503 MiB, 27609 MiB, 0 %
2026/05/28 17:19:48.593, 4503 MiB, 27609 MiB, 0 %
2026/05/28 17:19:48.793, 4503 MiB, 27609 MiB, 0 %
2026/05/28 17:19:48.993, 4503 MiB, 27609 MiB, 0 %
2026/05/28 17:19:49.194, 4503 MiB, 27609 MiB, 0 %
2026/05/28 17:19:49.394, 4503 MiB, 27609 MiB, 0 %
2026/05/28 17:19:49.594, 4503 MiB, 27609 MiB, 0 %
2026/05/28 17:19:49.794, 4503 MiB, 27609 MiB, 0 %
2026/05/28 17:19:49.994, 4503 MiB, 27609 MiB, 0 %
2026/05/28 17:19:50.194, 4503 MiB, 27609 MiB, 0 %
2026/05/28 17:19:50.394, 4503 MiB, 27609 MiB, 0 %
2026/05/28 17:19:50.597, 4503 MiB, 27609 MiB, 0 %
2026/05/28 17:19:50.797, 4503 MiB, 27609 MiB, 0 %
2026/05/28 17:19:50.997, 4503 MiB, 27609 MiB, 0 %
2026/05/28 17:19:51.199, 4503 MiB, 27609 MiB, 0 %
2026/05/28 17:19:51.399, 4503 MiB, 27609 MiB, 0 %
2026/05/28 17:19:51.599, 4503 MiB, 27609 MiB, 0 %
2026/05/28 17:19:51.799, 4503 MiB, 27609 MiB, 0 %
2026/05/28 17:19:52.000, 4503 MiB, 27609 MiB, 0 %
2026/05/28 17:19:52.200, 4503 MiB, 27609 MiB, 0 %
2026/05/28 17:19:52.400, 4503 MiB, 27609 MiB, 0 %
2026/05/28 17:19:52.600, 4503 MiB, 27609 MiB, 0 %
2026/05/28 17:19:52.800, 4503 MiB, 27609 MiB, 0 %
2026/05/28 17:19:53.000, 4503 MiB, 27609 MiB, 0 %
2026/05/28 17:19:53.200, 4503 MiB, 27609 MiB, 0 %
2026/05/28 17:19:53.400, 4503 MiB, 27609 MiB, 0 %
2026/05/28 17:19:53.601, 4503 MiB, 27609 MiB, 0 %
2026/05/28 17:19:53.801, 4503 MiB, 27609 MiB, 0 %
2026/05/28 17:19:54.001, 4503 MiB, 27609 MiB, 0 %
2026/05/28 17:19:54.201, 4503 MiB, 27609 MiB, 0 %
2026/05/28 17:19:54.401, 4503 MiB, 27609 MiB, 0 %
2026/05/28 17:19:54.601, 4503 MiB, 27609 MiB, 0 %
2026/05/28 17:19:54.801, 4503 MiB, 27609 MiB, 0 %
2026/05/28 17:19:55.001, 4503 MiB, 27609 MiB, 0 %
2026/05/28 17:19:55.201, 4503 MiB, 27609 MiB, 0 %
2026/05/28 17:19:55.402, 4503 MiB, 27609 MiB, 0 %
2026/05/28 17:19:55.602, 4503 MiB, 27609 MiB, 0 %
2026/05/28 17:19:55.802, 4503 MiB, 27609 MiB, 0 %
2026/05/28 17:19:56.002, 4503 MiB, 27609 MiB, 0 %
2026/05/28 17:19:56.202, 4503 MiB, 27609 MiB, 0 %
2026/05/28 17:19:56.403, 4503 MiB, 27609 MiB, 0 %
2026/05/28 17:19:56.603, 5527 MiB, 26585 MiB, 0 %
2026/05/28 17:19:56.803, 7959 MiB, 24153 MiB, 3 %
2026/05/28 17:19:57.003, 7959 MiB, 24153 MiB, 3 %
2026/05/28 17:19:57.203, 7959 MiB, 24153 MiB, 0 %
2026/05/28 17:19:57.404, 7959 MiB, 24153 MiB, 0 %
2026/05/28 17:19:57.604, 7959 MiB, 24153 MiB, 0 %
2026/05/28 17:19:57.804, 7959 MiB, 24153 MiB, 0 %
2026/05/28 17:19:58.004, 7959 MiB, 24153 MiB, 0 %
2026/05/28 17:19:58.204, 7959 MiB, 24153 MiB, 0 %
2026/05/28 17:19:58.404, 7959 MiB, 24153 MiB, 0 %
2026/05/28 17:19:58.604, 7959 MiB, 24153 MiB, 0 %
2026/05/28 17:19:58.804, 7959 MiB, 24153 MiB, 0 %
2026/05/28 17:19:59.005, 7959 MiB, 24153 MiB, 0 %
2026/05/28 17:19:59.205, 7959 MiB, 24153 MiB, 0 %
2026/05/28 17:19:59.405, 7959 MiB, 24153 MiB, 0 %
2026/05/28 17:19:59.605, 7959 MiB, 24153 MiB, 0 %
2026/05/28 17:19:59.805, 7959 MiB, 24153 MiB, 0 %
2026/05/28 17:20:00.005, 7959 MiB, 24153 MiB, 0 %
2026/05/28 17:20:00.205, 7959 MiB, 24153 MiB, 0 %
2026/05/28 17:20:00.405, 7959 MiB, 24153 MiB, 0 %
2026/05/28 17:20:00.605, 7959 MiB, 24153 MiB, 0 %
2026/05/28 17:20:00.806, 7959 MiB, 24153 MiB, 0 %
2026/05/28 17:20:01.006, 7959 MiB, 24153 MiB, 0 %
2026/05/28 17:20:01.206, 7959 MiB, 24153 MiB, 0 %
2026/05/28 17:20:01.406, 7959 MiB, 24153 MiB, 0 %
2026/05/28 17:20:01.606, 7959 MiB, 24153 MiB, 0 %
2026/05/28 17:20:01.806, 7959 MiB, 24153 MiB, 3 %
2026/05/28 17:20:02.006, 7959 MiB, 24153 MiB, 3 %
2026/05/28 17:20:02.206, 7959 MiB, 24153 MiB, 0 %
2026/05/28 17:20:02.406, 7959 MiB, 24153 MiB, 0 %
2026/05/28 17:20:02.607, 7959 MiB, 24153 MiB, 0 %
2026/05/28 17:20:02.807, 7959 MiB, 24153 MiB, 3 %
2026/05/28 17:20:03.007, 7959 MiB, 24153 MiB, 3 %
2026/05/28 17:20:03.207, 7959 MiB, 24153 MiB, 0 %
2026/05/28 17:20:03.407, 7959 MiB, 24153 MiB, 0 %
2026/05/28 17:20:03.607, 7959 MiB, 24153 MiB, 0 %
2026/05/28 17:20:03.807, 7959 MiB, 24153 MiB, 0 %
2026/05/28 17:20:04.007, 7959 MiB, 24153 MiB, 0 %
2026/05/28 17:20:04.207, 7959 MiB, 24153 MiB, 0 %
2026/05/28 17:20:04.408, 7959 MiB, 24153 MiB, 0 %
2026/05/28 17:20:04.608, 7959 MiB, 24153 MiB, 0 %
2026/05/28 17:20:04.808, 7959 MiB, 24153 MiB, 0 %
2026/05/28 17:20:05.008, 7959 MiB, 24153 MiB, 0 %
2026/05/28 17:20:05.208, 7959 MiB, 24153 MiB, 3 %
2026/05/28 17:20:05.408, 7959 MiB, 24153 MiB, 3 %
2026/05/28 17:20:05.608, 7959 MiB, 24153 MiB, 3 %
2026/05/28 17:20:05.808, 7959 MiB, 24153 MiB, 0 %
2026/05/28 17:20:06.008, 7959 MiB, 24153 MiB, 0 %
2026/05/28 17:20:06.209, 7959 MiB, 24153 MiB, 2 %
2026/05/28 17:20:06.409, 7959 MiB, 24153 MiB, 2 %
2026/05/28 17:20:06.609, 7959 MiB, 24153 MiB, 2 %
2026/05/28 17:20:06.809, 7959 MiB, 24153 MiB, 0 %
2026/05/28 17:20:07.009, 7959 MiB, 24153 MiB, 0 %
2026/05/28 17:20:07.209, 7959 MiB, 24153 MiB, 0 %
2026/05/28 17:20:07.409, 7959 MiB, 24153 MiB, 0 %
2026/05/28 17:20:07.609, 7959 MiB, 24153 MiB, 0 %
2026/05/28 17:20:07.810, 7959 MiB, 24153 MiB, 0 %
2026/05/28 17:20:08.010, 7959 MiB, 24153 MiB, 0 %
2026/05/28 17:20:08.210, 7959 MiB, 24153 MiB, 0 %
2026/05/28 17:20:08.410, 7959 MiB, 24153 MiB, 0 %
2026/05/28 17:20:08.610, 7959 MiB, 24153 MiB, 0 %
2026/05/28 17:20:08.810, 7959 MiB, 24153 MiB, 0 %
2026/05/28 17:20:09.010, 7959 MiB, 24153 MiB, 0 %
2026/05/28 17:20:09.210, 7959 MiB, 24153 MiB, 0 %
2026/05/28 17:20:09.410, 7959 MiB, 24153 MiB, 0 %
2026/05/28 17:20:09.611, 7959 MiB, 24153 MiB, 0 %
2026/05/28 17:20:09.811, 7959 MiB, 24153 MiB, 0 %
2026/05/28 17:20:10.011, 7959 MiB, 24153 MiB, 0 %
2026/05/28 17:20:10.211, 7959 MiB, 24153 MiB, 0 %
2026/05/28 17:20:10.411, 7959 MiB, 24153 MiB, 0 %
2026/05/28 17:20:10.611, 7959 MiB, 24153 MiB, 0 %
2026/05/28 17:20:10.811, 7959 MiB, 24153 MiB, 0 %
2026/05/28 17:20:11.011, 7959 MiB, 24153 MiB, 0 %
2026/05/28 17:20:11.211, 7959 MiB, 24153 MiB, 0 %
2026/05/28 17:20:11.412, 7976 MiB, 24136 MiB, 0 %
2026/05/28 17:20:11.612, 8499 MiB, 23613 MiB, 0 %
2026/05/28 17:20:11.812, 8499 MiB, 23613 MiB, 0 %
2026/05/28 17:20:12.013, 8499 MiB, 23613 MiB, 0 %
2026/05/28 17:20:12.213, 8555 MiB, 23557 MiB, 0 %
2026/05/28 17:20:12.413, 8619 MiB, 23493 MiB, 0 %
2026/05/28 17:20:12.613, 8619 MiB, 23493 MiB, 0 %
2026/05/28 17:20:12.813, 8619 MiB, 23493 MiB, 0 %
2026/05/28 17:20:13.013, 8619 MiB, 23493 MiB, 0 %
2026/05/28 17:20:13.214, 8619 MiB, 23493 MiB, 0 %
2026/05/28 17:20:13.414, 8623 MiB, 23489 MiB, 0 %
2026/05/28 17:20:13.614, 8623 MiB, 23489 MiB, 0 %
2026/05/28 17:20:13.814, 8623 MiB, 23489 MiB, 0 %
2026/05/28 17:20:14.014, 8623 MiB, 23489 MiB, 0 %
2026/05/28 17:20:14.214, 8623 MiB, 23489 MiB, 0 %
2026/05/28 17:20:14.414, 8623 MiB, 23489 MiB, 0 %
2026/05/28 17:20:14.614, 8623 MiB, 23489 MiB, 0 %
2026/05/28 17:20:14.814, 8623 MiB, 23489 MiB, 0 %
2026/05/28 17:20:15.015, 8623 MiB, 23489 MiB, 0 %
2026/05/28 17:20:15.215, 8751 MiB, 23361 MiB, 0 %
2026/05/28 17:20:15.415, 8751 MiB, 23361 MiB, 0 %
2026/05/28 17:20:15.615, 8751 MiB, 23361 MiB, 0 %
2026/05/28 17:20:15.815, 8751 MiB, 23361 MiB, 0 %
2026/05/28 17:20:16.015, 8751 MiB, 23361 MiB, 0 %
2026/05/28 17:20:16.215, 8751 MiB, 23361 MiB, 0 %
2026/05/28 17:20:16.415, 8751 MiB, 23361 MiB, 0 %
2026/05/28 17:20:16.618, 8751 MiB, 23361 MiB, 0 %
2026/05/28 17:20:16.818, 8751 MiB, 23361 MiB, 0 %
2026/05/28 17:20:17.018, 8751 MiB, 23361 MiB, 0 %
2026/05/28 17:20:17.218, 8751 MiB, 23361 MiB, 0 %
2026/05/28 17:20:17.418, 8751 MiB, 23361 MiB, 0 %
2026/05/28 17:20:17.619, 8751 MiB, 23361 MiB, 0 %
2026/05/28 17:20:17.819, 8751 MiB, 23361 MiB, 0 %
2026/05/28 17:20:18.019, 8751 MiB, 23361 MiB, 0 %
2026/05/28 17:20:18.219, 8751 MiB, 23361 MiB, 0 %
2026/05/28 17:20:18.419, 8751 MiB, 23361 MiB, 0 %
2026/05/28 17:20:18.619, 13645 MiB, 18467 MiB, 0 %
2026/05/28 17:20:18.819, 8301 MiB, 23811 MiB, 0 %
2026/05/28 17:20:19.019, 5453 MiB, 26659 MiB, 0 %
2026/05/28 17:20:19.219, 5677 MiB, 26435 MiB, 0 %
2026/05/28 17:20:19.420, 5557 MiB, 26555 MiB, 0 %
2026/05/28 17:20:19.620, 5307 MiB, 26805 MiB, 0 %
2026/05/28 17:20:19.820, 5305 MiB, 26807 MiB, 0 %
2026/05/28 17:20:20.020, 3357 MiB, 28755 MiB, 0 %
2026/05/28 17:20:20.220, 3357 MiB, 28755 MiB, 0 %
2026/05/28 17:20:20.420, 3357 MiB, 28755 MiB, 0 %
2026/05/28 17:20:20.620, 3357 MiB, 28755 MiB, 0 %
2026/05/28 17:20:20.820, 3357 MiB, 28755 MiB, 0 %
2026/05/28 17:20:21.021, 3357 MiB, 28755 MiB, 0 %
2026/05/28 17:20:21.221, 3357 MiB, 28755 MiB, 0 %
2026/05/28 17:20:21.421, 3357 MiB, 28755 MiB, 0 %
2026/05/28 17:20:21.621, 3357 MiB, 28755 MiB, 0 %
2026/05/28 17:20:21.821, 3357 MiB, 28755 MiB, 0 %
2026/05/28 17:20:22.021, 3357 MiB, 28755 MiB, 0 %
2026/05/28 17:20:22.221, 3357 MiB, 28755 MiB, 0 %
2026/05/28 17:20:22.421, 3357 MiB, 28755 MiB, 0 %
2026/05/28 17:20:22.622, 3357 MiB, 28755 MiB, 0 %
2026/05/28 17:20:22.822, 3357 MiB, 28755 MiB, 0 %
2026/05/28 17:20:23.022, 3357 MiB, 28755 MiB, 0 %
2026/05/28 17:20:23.222, 3357 MiB, 28755 MiB, 0 %
