2026/06/21 21:46:12.100, 3687 MiB
2026/06/21 21:46:13.122, 4284 MiB
2026/06/21 21:46:14.141, 4486 MiB
2026/06/21 21:46:15.162, 4590 MiB
2026/06/21 21:46:16.182, 6850 MiB
2026/06/21 21:46:17.197, 9518 MiB
2026/06/21 21:46:18.214, 9518 MiB
2026/06/21 21:46:19.229, 9518 MiB
2026/06/21 21:46:20.247, 9518 MiB
2026/06/21 21:46:21.267, 9518 MiB
2026/06/21 21:46:22.285, 9518 MiB
2026/06/21 21:46:23.302, 9518 MiB
2026/06/21 21:46:24.319, 9518 MiB
2026/06/21 21:46:25.335, 9518 MiB
2026/06/21 21:46:26.354, 9518 MiB
2026/06/21 21:46:27.373, 9518 MiB
2026/06/21 21:46:28.390, 9518 MiB
2026/06/21 21:46:29.413, 31678 MiB
2026/06/21 21:46:30.433, 31742 MiB
2026/06/21 21:46:31.451, 31678 MiB
2026/06/21 21:46:32.510, 3686 MiB
