2026/06/21 21:22:15.457, 3696 MiB
2026/06/21 21:22:16.478, 4277 MiB
2026/06/21 21:22:17.499, 4495 MiB
2026/06/21 21:22:18.517, 4599 MiB
2026/06/21 21:22:19.534, 4655 MiB
2026/06/21 21:22:20.552, 10457 MiB
2026/06/21 21:22:21.569, 10457 MiB
2026/06/21 21:22:22.586, 10457 MiB
2026/06/21 21:22:23.601, 10457 MiB
2026/06/21 21:22:24.622, 10457 MiB
2026/06/21 21:22:25.643, 10457 MiB
2026/06/21 21:22:26.661, 10457 MiB
2026/06/21 21:22:27.684, 12885 MiB
2026/06/21 21:22:28.716, 14493 MiB
2026/06/21 21:22:29.733, 14493 MiB
2026/06/21 21:22:30.758, 14493 MiB
2026/06/21 21:22:31.780, 14493 MiB
2026/06/21 21:22:32.800, 14493 MiB
2026/06/21 21:22:33.818, 14493 MiB
2026/06/21 21:22:34.835, 14493 MiB
2026/06/21 21:22:35.856, 14493 MiB
2026/06/21 21:22:36.875, 14493 MiB
2026/06/21 21:22:37.893, 14493 MiB
2026/06/21 21:22:38.910, 14493 MiB
2026/06/21 21:22:39.927, 14493 MiB
2026/06/21 21:22:40.945, 14493 MiB
2026/06/21 21:22:41.965, 14493 MiB
2026/06/21 21:22:42.984, 14493 MiB
2026/06/21 21:22:44.001, 14493 MiB
2026/06/21 21:22:45.018, 14375 MiB
2026/06/21 21:22:46.036, 14375 MiB
2026/06/21 21:22:47.055, 14375 MiB
2026/06/21 21:22:48.077, 14375 MiB
2026/06/21 21:22:49.092, 14375 MiB
2026/06/21 21:22:50.112, 14375 MiB
2026/06/21 21:22:51.135, 14375 MiB
2026/06/21 21:22:52.160, 14375 MiB
2026/06/21 21:22:53.182, 14375 MiB
2026/06/21 21:22:54.209, 14375 MiB
2026/06/21 21:22:55.234, 14375 MiB
2026/06/21 21:22:56.267, 14375 MiB
2026/06/21 21:22:57.293, 14375 MiB
2026/06/21 21:22:58.319, 14375 MiB
2026/06/21 21:22:59.345, 14375 MiB
2026/06/21 21:23:00.372, 14375 MiB
2026/06/21 21:23:01.417, 14375 MiB
2026/06/21 21:23:02.448, 14375 MiB
2026/06/21 21:23:03.478, 14375 MiB
2026/06/21 21:23:04.505, 14375 MiB
2026/06/21 21:23:05.534, 14375 MiB
2026/06/21 21:23:06.568, 14375 MiB
2026/06/21 21:23:07.595, 14375 MiB
2026/06/21 21:23:08.621, 14375 MiB
2026/06/21 21:23:09.641, 14375 MiB
2026/06/21 21:23:10.682, 14375 MiB
2026/06/21 21:23:11.702, 14375 MiB
2026/06/21 21:23:12.724, 14375 MiB
2026/06/21 21:23:13.744, 14375 MiB
2026/06/21 21:23:14.766, 14375 MiB
2026/06/21 21:23:15.791, 14375 MiB
2026/06/21 21:23:16.814, 14375 MiB
2026/06/21 21:23:17.837, 14375 MiB
2026/06/21 21:23:18.863, 14375 MiB
2026/06/21 21:23:19.888, 14375 MiB
2026/06/21 21:23:20.922, 14375 MiB
2026/06/21 21:23:21.948, 14375 MiB
2026/06/21 21:23:22.972, 14375 MiB
2026/06/21 21:23:23.998, 14375 MiB
2026/06/21 21:23:25.024, 14375 MiB
2026/06/21 21:23:26.055, 14375 MiB
2026/06/21 21:23:27.090, 14375 MiB
2026/06/21 21:23:28.119, 14375 MiB
2026/06/21 21:23:29.142, 14375 MiB
2026/06/21 21:23:30.164, 14375 MiB
2026/06/21 21:23:31.193, 14375 MiB
2026/06/21 21:23:32.215, 14375 MiB
2026/06/21 21:23:33.238, 14375 MiB
2026/06/21 21:23:34.260, 14375 MiB
2026/06/21 21:23:35.287, 14375 MiB
2026/06/21 21:23:36.312, 14375 MiB
2026/06/21 21:23:37.341, 14375 MiB
2026/06/21 21:23:38.371, 14375 MiB
2026/06/21 21:23:39.405, 14375 MiB
2026/06/21 21:23:40.437, 14375 MiB
2026/06/21 21:23:41.464, 14375 MiB
2026/06/21 21:23:42.492, 14375 MiB
2026/06/21 21:23:43.521, 14375 MiB
2026/06/21 21:23:44.546, 14375 MiB
2026/06/21 21:23:45.580, 14375 MiB
2026/06/21 21:23:46.603, 14375 MiB
2026/06/21 21:23:47.631, 14375 MiB
2026/06/21 21:23:48.655, 14375 MiB
2026/06/21 21:23:49.677, 14375 MiB
2026/06/21 21:23:50.722, 14375 MiB
2026/06/21 21:23:51.748, 14375 MiB
2026/06/21 21:23:52.772, 14375 MiB
2026/06/21 21:23:53.795, 14375 MiB
2026/06/21 21:23:54.820, 14375 MiB
2026/06/21 21:23:55.842, 14375 MiB
2026/06/21 21:23:56.867, 14375 MiB
2026/06/21 21:23:57.905, 14375 MiB
2026/06/21 21:23:58.930, 14375 MiB
2026/06/21 21:23:59.958, 14375 MiB
2026/06/21 21:24:00.983, 14375 MiB
2026/06/21 21:24:02.009, 14375 MiB
2026/06/21 21:24:03.034, 14375 MiB
2026/06/21 21:24:04.064, 14375 MiB
2026/06/21 21:24:05.087, 14375 MiB
2026/06/21 21:24:06.116, 14375 MiB
2026/06/21 21:24:07.144, 14375 MiB
2026/06/21 21:24:08.171, 14375 MiB
2026/06/21 21:24:09.200, 14375 MiB
2026/06/21 21:24:10.227, 14375 MiB
2026/06/21 21:24:11.250, 14375 MiB
2026/06/21 21:24:12.273, 14375 MiB
2026/06/21 21:24:13.301, 14375 MiB
2026/06/21 21:24:14.333, 14375 MiB
2026/06/21 21:24:15.359, 14375 MiB
2026/06/21 21:24:16.390, 14375 MiB
2026/06/21 21:24:17.422, 14375 MiB
2026/06/21 21:24:18.447, 14375 MiB
2026/06/21 21:24:19.477, 14375 MiB
2026/06/21 21:24:20.497, 14211 MiB
2026/06/21 21:24:21.516, 14083 MiB
