2026/06/21 19:02:34.581, 3573 MiB
2026/06/21 19:02:35.606, 3573 MiB
2026/06/21 19:02:36.629, 3605 MiB
2026/06/21 19:02:37.651, 4225 MiB
2026/06/21 19:02:38.673, 4477 MiB
2026/06/21 19:02:39.694, 4477 MiB
2026/06/21 19:02:40.710, 4477 MiB
2026/06/21 19:02:41.732, 6081 MiB
2026/06/21 19:02:42.758, 6153 MiB
2026/06/21 19:02:43.775, 6289 MiB
2026/06/21 19:02:44.806, 6507 MiB
2026/06/21 19:02:45.833, 6579 MiB
2026/06/21 19:02:46.853, 6987 MiB
2026/06/21 19:02:47.877, 6869 MiB
2026/06/21 19:02:48.899, 9829 MiB
2026/06/21 19:02:49.918, 9829 MiB
2026/06/21 19:02:50.934, 9829 MiB
2026/06/21 19:02:51.954, 11435 MiB
2026/06/21 19:02:52.974, 8397 MiB
2026/06/21 19:02:53.993, 8397 MiB
2026/06/21 19:02:55.008, 8397 MiB
2026/06/21 19:02:56.028, 8397 MiB
2026/06/21 19:02:57.054, 8397 MiB
2026/06/21 19:02:58.070, 8397 MiB
2026/06/21 19:02:59.091, 8397 MiB
2026/06/21 19:03:00.111, 8397 MiB
2026/06/21 19:03:01.127, 8397 MiB
2026/06/21 19:03:02.147, 8397 MiB
2026/06/21 19:03:03.167, 8397 MiB
2026/06/21 19:03:04.188, 8397 MiB
2026/06/21 19:03:05.216, 8397 MiB
2026/06/21 19:03:06.237, 8397 MiB
2026/06/21 19:03:07.257, 8397 MiB
2026/06/21 19:03:08.275, 8397 MiB
2026/06/21 19:03:09.299, 8397 MiB
2026/06/21 19:03:10.323, 8397 MiB
2026/06/21 19:03:11.343, 8397 MiB
2026/06/21 19:03:12.361, 8397 MiB
2026/06/21 19:03:13.381, 8397 MiB
2026/06/21 19:03:14.400, 8397 MiB
2026/06/21 19:03:15.421, 8397 MiB
2026/06/21 19:03:16.443, 8397 MiB
2026/06/21 19:03:17.471, 8397 MiB
2026/06/21 19:03:18.492, 8397 MiB
2026/06/21 19:03:19.509, 8397 MiB
2026/06/21 19:03:20.531, 8397 MiB
2026/06/21 19:03:21.558, 8487 MiB
2026/06/21 19:03:22.585, 8487 MiB
2026/06/21 19:03:23.617, 8487 MiB
2026/06/21 19:03:24.648, 8487 MiB
2026/06/21 19:03:25.670, 8487 MiB
2026/06/21 19:03:26.698, 8487 MiB
2026/06/21 19:03:27.729, 8487 MiB
2026/06/21 19:03:28.758, 8487 MiB
2026/06/21 19:03:29.786, 8487 MiB
2026/06/21 19:03:30.813, 8487 MiB
2026/06/21 19:03:31.838, 8487 MiB
2026/06/21 19:03:32.869, 8487 MiB
2026/06/21 19:03:33.895, 8487 MiB
2026/06/21 19:03:34.926, 8487 MiB
2026/06/21 19:03:35.951, 8487 MiB
2026/06/21 19:03:36.979, 8487 MiB
2026/06/21 19:03:38.016, 8487 MiB
2026/06/21 19:03:39.042, 8487 MiB
2026/06/21 19:03:40.076, 8487 MiB
2026/06/21 19:03:41.116, 8487 MiB
2026/06/21 19:03:42.155, 8487 MiB
2026/06/21 19:03:43.185, 8487 MiB
2026/06/21 19:03:44.220, 8487 MiB
2026/06/21 19:03:45.248, 8487 MiB
2026/06/21 19:03:46.278, 8487 MiB
2026/06/21 19:03:47.305, 8487 MiB
2026/06/21 19:03:48.330, 8487 MiB
2026/06/21 19:03:49.357, 8487 MiB
2026/06/21 19:03:50.385, 8487 MiB
2026/06/21 19:03:51.415, 8487 MiB
2026/06/21 19:03:52.442, 8487 MiB
2026/06/21 19:03:53.473, 8487 MiB
2026/06/21 19:03:54.498, 8487 MiB
2026/06/21 19:03:55.523, 8487 MiB
2026/06/21 19:03:56.551, 8487 MiB
2026/06/21 19:03:57.586, 8487 MiB
2026/06/21 19:03:58.615, 8487 MiB
2026/06/21 19:03:59.637, 8487 MiB
2026/06/21 19:04:00.662, 8487 MiB
2026/06/21 19:04:01.684, 8487 MiB
2026/06/21 19:04:02.706, 8487 MiB
2026/06/21 19:04:03.736, 8487 MiB
2026/06/21 19:04:04.765, 8487 MiB
2026/06/21 19:04:05.790, 8487 MiB
2026/06/21 19:04:06.812, 8487 MiB
2026/06/21 19:04:07.835, 8487 MiB
2026/06/21 19:04:08.862, 8487 MiB
2026/06/21 19:04:09.891, 8487 MiB
2026/06/21 19:04:10.915, 8487 MiB
2026/06/21 19:04:11.941, 8487 MiB
2026/06/21 19:04:12.974, 8487 MiB
2026/06/21 19:04:14.004, 8487 MiB
2026/06/21 19:04:15.026, 8487 MiB
2026/06/21 19:04:16.064, 8487 MiB
2026/06/21 19:04:17.101, 8487 MiB
2026/06/21 19:04:18.123, 8487 MiB
2026/06/21 19:04:19.145, 8487 MiB
2026/06/21 19:04:20.172, 8487 MiB
2026/06/21 19:04:21.218, 8487 MiB
2026/06/21 19:04:22.253, 8487 MiB
2026/06/21 19:04:23.301, 8487 MiB
2026/06/21 19:04:24.337, 8487 MiB
2026/06/21 19:04:25.367, 8487 MiB
2026/06/21 19:04:26.403, 8663 MiB
2026/06/21 19:04:27.438, 8487 MiB
2026/06/21 19:04:28.466, 8487 MiB
2026/06/21 19:04:29.502, 8487 MiB
2026/06/21 19:04:30.537, 8487 MiB
2026/06/21 19:04:31.569, 8487 MiB
2026/06/21 19:04:32.608, 8487 MiB
2026/06/21 19:04:33.647, 8487 MiB
2026/06/21 19:04:34.682, 8487 MiB
2026/06/21 19:04:35.717, 8721 MiB
2026/06/21 19:04:36.752, 8487 MiB
2026/06/21 19:04:37.794, 8487 MiB
2026/06/21 19:04:38.827, 8487 MiB
2026/06/21 19:04:39.862, 8487 MiB
2026/06/21 19:04:40.888, 8487 MiB
2026/06/21 19:04:41.924, 8487 MiB
2026/06/21 19:04:42.963, 8487 MiB
2026/06/21 19:04:44.001, 8577 MiB
2026/06/21 19:04:45.039, 8487 MiB
2026/06/21 19:04:46.078, 8487 MiB
2026/06/21 19:04:47.112, 8487 MiB
2026/06/21 19:04:48.145, 8487 MiB
2026/06/21 19:04:49.176, 8487 MiB
2026/06/21 19:04:50.207, 8487 MiB
2026/06/21 19:04:51.257, 8487 MiB
2026/06/21 19:04:52.288, 8487 MiB
2026/06/21 19:04:53.319, 8751 MiB
2026/06/21 19:04:54.355, 8487 MiB
2026/06/21 19:04:55.401, 8487 MiB
2026/06/21 19:04:56.427, 8487 MiB
2026/06/21 19:04:57.469, 8487 MiB
2026/06/21 19:04:58.490, 8487 MiB
2026/06/21 19:04:59.513, 8487 MiB
2026/06/21 19:05:00.540, 8487 MiB
2026/06/21 19:05:01.566, 8487 MiB
2026/06/21 19:05:02.586, 8487 MiB
2026/06/21 19:05:03.605, 8487 MiB
2026/06/21 19:05:04.625, 8487 MiB
2026/06/21 19:05:05.647, 8487 MiB
2026/06/21 19:05:06.665, 8487 MiB
2026/06/21 19:05:07.687, 8487 MiB
2026/06/21 19:05:08.711, 8487 MiB
2026/06/21 19:05:09.730, 8487 MiB
2026/06/21 19:05:10.755, 8487 MiB
2026/06/21 19:05:11.773, 8487 MiB
2026/06/21 19:05:12.790, 8487 MiB
2026/06/21 19:05:13.810, 8487 MiB
2026/06/21 19:05:14.833, 8487 MiB
2026/06/21 19:05:15.859, 8487 MiB
2026/06/21 19:05:16.895, 8487 MiB
2026/06/21 19:05:17.923, 8487 MiB
2026/06/21 19:05:18.946, 8487 MiB
2026/06/21 19:05:19.977, 8487 MiB
2026/06/21 19:05:21.007, 8487 MiB
2026/06/21 19:05:22.032, 8487 MiB
2026/06/21 19:05:23.069, 8487 MiB
2026/06/21 19:05:24.104, 8487 MiB
2026/06/21 19:05:25.131, 8487 MiB
2026/06/21 19:05:26.160, 8487 MiB
2026/06/21 19:05:27.191, 8487 MiB
2026/06/21 19:05:28.232, 8487 MiB
2026/06/21 19:05:29.258, 8487 MiB
2026/06/21 19:05:30.286, 8487 MiB
2026/06/21 19:05:31.307, 8487 MiB
2026/06/21 19:05:32.328, 8487 MiB
2026/06/21 19:05:33.354, 8487 MiB
2026/06/21 19:05:34.384, 8487 MiB
2026/06/21 19:05:35.408, 8487 MiB
2026/06/21 19:05:36.436, 8487 MiB
2026/06/21 19:05:37.459, 8487 MiB
2026/06/21 19:05:38.496, 8487 MiB
2026/06/21 19:05:39.521, 8487 MiB
2026/06/21 19:05:40.549, 8487 MiB
2026/06/21 19:05:41.584, 8487 MiB
2026/06/21 19:05:42.607, 8487 MiB
2026/06/21 19:05:43.631, 8487 MiB
2026/06/21 19:05:44.656, 8487 MiB
2026/06/21 19:05:45.681, 8487 MiB
2026/06/21 19:05:46.717, 8487 MiB
2026/06/21 19:05:47.745, 8487 MiB
2026/06/21 19:05:48.784, 8487 MiB
2026/06/21 19:05:49.816, 8487 MiB
2026/06/21 19:05:50.845, 8487 MiB
2026/06/21 19:05:51.874, 8487 MiB
2026/06/21 19:05:52.903, 8487 MiB
2026/06/21 19:05:53.932, 8487 MiB
2026/06/21 19:05:54.964, 8487 MiB
2026/06/21 19:05:56.003, 8487 MiB
2026/06/21 19:05:57.032, 8487 MiB
2026/06/21 19:05:58.067, 8487 MiB
2026/06/21 19:05:59.101, 8487 MiB
2026/06/21 19:06:00.131, 8487 MiB
2026/06/21 19:06:01.151, 8487 MiB
2026/06/21 19:06:02.177, 8487 MiB
2026/06/21 19:06:03.202, 8487 MiB
2026/06/21 19:06:04.220, 8487 MiB
2026/06/21 19:06:05.257, 8487 MiB
2026/06/21 19:06:06.292, 8487 MiB
2026/06/21 19:06:07.317, 8487 MiB
2026/06/21 19:06:08.353, 8487 MiB
2026/06/21 19:06:09.377, 8487 MiB
2026/06/21 19:06:10.405, 8487 MiB
2026/06/21 19:06:11.455, 8487 MiB
2026/06/21 19:06:12.502, 8487 MiB
2026/06/21 19:06:13.539, 8487 MiB
2026/06/21 19:06:14.575, 8487 MiB
2026/06/21 19:06:15.608, 8487 MiB
2026/06/21 19:06:16.644, 8487 MiB
2026/06/21 19:06:17.672, 8487 MiB
2026/06/21 19:06:18.697, 8487 MiB
2026/06/21 19:06:19.730, 8487 MiB
2026/06/21 19:06:20.761, 8487 MiB
2026/06/21 19:06:21.791, 8487 MiB
2026/06/21 19:06:22.819, 8487 MiB
2026/06/21 19:06:23.869, 8487 MiB
2026/06/21 19:06:24.898, 8487 MiB
2026/06/21 19:06:25.921, 8487 MiB
2026/06/21 19:06:26.946, 8487 MiB
2026/06/21 19:06:27.976, 8487 MiB
2026/06/21 19:06:29.005, 8487 MiB
2026/06/21 19:06:30.035, 8487 MiB
2026/06/21 19:06:31.068, 8487 MiB
2026/06/21 19:06:32.096, 8487 MiB
2026/06/21 19:06:33.120, 8487 MiB
2026/06/21 19:06:34.153, 8487 MiB
2026/06/21 19:06:35.177, 8487 MiB
2026/06/21 19:06:36.208, 8487 MiB
2026/06/21 19:06:37.233, 8487 MiB
2026/06/21 19:06:38.263, 8487 MiB
2026/06/21 19:06:39.291, 8487 MiB
2026/06/21 19:06:40.322, 8487 MiB
2026/06/21 19:06:41.354, 8487 MiB
2026/06/21 19:06:42.383, 8487 MiB
2026/06/21 19:06:43.411, 8487 MiB
2026/06/21 19:06:44.444, 8487 MiB
2026/06/21 19:06:45.473, 8487 MiB
2026/06/21 19:06:46.513, 8487 MiB
2026/06/21 19:06:47.567, 8487 MiB
2026/06/21 19:06:48.607, 8487 MiB
2026/06/21 19:06:49.640, 8487 MiB
2026/06/21 19:06:50.667, 8487 MiB
2026/06/21 19:06:51.695, 8487 MiB
2026/06/21 19:06:52.723, 8487 MiB
2026/06/21 19:06:53.757, 8487 MiB
2026/06/21 19:06:54.779, 8487 MiB
2026/06/21 19:06:55.809, 8487 MiB
2026/06/21 19:06:56.838, 8487 MiB
2026/06/21 19:06:57.860, 8487 MiB
2026/06/21 19:06:58.887, 8487 MiB
2026/06/21 19:06:59.915, 8487 MiB
2026/06/21 19:07:00.939, 8487 MiB
2026/06/21 19:07:01.973, 8487 MiB
2026/06/21 19:07:03.003, 8487 MiB
2026/06/21 19:07:04.032, 8487 MiB
2026/06/21 19:07:05.060, 8487 MiB
2026/06/21 19:07:06.089, 8487 MiB
2026/06/21 19:07:07.116, 8487 MiB
2026/06/21 19:07:08.141, 8487 MiB
2026/06/21 19:07:09.162, 8487 MiB
2026/06/21 19:07:10.185, 8487 MiB
2026/06/21 19:07:11.210, 8487 MiB
2026/06/21 19:07:12.235, 8487 MiB
2026/06/21 19:07:13.260, 8487 MiB
2026/06/21 19:07:14.287, 8487 MiB
2026/06/21 19:07:15.307, 8487 MiB
2026/06/21 19:07:16.333, 8487 MiB
2026/06/21 19:07:17.359, 8487 MiB
2026/06/21 19:07:18.387, 8487 MiB
2026/06/21 19:07:19.407, 8487 MiB
2026/06/21 19:07:20.434, 8487 MiB
2026/06/21 19:07:21.456, 8487 MiB
2026/06/21 19:07:22.491, 8487 MiB
2026/06/21 19:07:23.516, 8487 MiB
2026/06/21 19:07:24.558, 8487 MiB
2026/06/21 19:07:25.590, 8487 MiB
2026/06/21 19:07:26.612, 8487 MiB
2026/06/21 19:07:27.642, 8487 MiB
2026/06/21 19:07:28.669, 8487 MiB
2026/06/21 19:07:29.690, 8487 MiB
2026/06/21 19:07:30.718, 8487 MiB
2026/06/21 19:07:31.738, 8487 MiB
2026/06/21 19:07:32.759, 19777 MiB
2026/06/21 19:07:33.777, 19713 MiB
2026/06/21 19:07:34.797, 19713 MiB
2026/06/21 19:07:35.816, 19713 MiB
2026/06/21 19:07:36.837, 19713 MiB
2026/06/21 19:07:37.858, 19713 MiB
2026/06/21 19:07:38.881, 19713 MiB
2026/06/21 19:07:39.903, 19713 MiB
2026/06/21 19:07:40.920, 19713 MiB
2026/06/21 19:07:41.942, 19708 MiB
2026/06/21 19:07:42.963, 19772 MiB
2026/06/21 19:07:43.980, 19772 MiB
2026/06/21 19:07:45.002, 19708 MiB
2026/06/21 19:07:46.024, 19708 MiB
2026/06/21 19:07:47.045, 19708 MiB
2026/06/21 19:07:48.074, 19772 MiB
2026/06/21 19:07:49.093, 19772 MiB
2026/06/21 19:07:50.110, 19708 MiB
2026/06/21 19:07:51.133, 19708 MiB
2026/06/21 19:07:52.160, 19708 MiB
2026/06/21 19:07:53.180, 19772 MiB
2026/06/21 19:07:54.201, 19708 MiB
2026/06/21 19:07:55.221, 19708 MiB
2026/06/21 19:07:56.250, 19708 MiB
2026/06/21 19:07:57.274, 19708 MiB
2026/06/21 19:07:58.300, 19772 MiB
2026/06/21 19:07:59.322, 19772 MiB
2026/06/21 19:08:00.347, 19708 MiB
2026/06/21 19:08:01.371, 19708 MiB
2026/06/21 19:08:02.395, 19708 MiB
2026/06/21 19:08:03.419, 19772 MiB
2026/06/21 19:08:04.439, 19708 MiB
2026/06/21 19:08:05.464, 19708 MiB
2026/06/21 19:08:06.488, 19708 MiB
2026/06/21 19:08:07.511, 19772 MiB
2026/06/21 19:08:08.530, 19772 MiB
2026/06/21 19:08:09.549, 19708 MiB
2026/06/21 19:08:10.564, 19708 MiB
2026/06/21 19:08:11.581, 19708 MiB
2026/06/21 19:08:12.600, 19708 MiB
2026/06/21 19:08:13.619, 19772 MiB
2026/06/21 19:08:14.637, 19708 MiB
2026/06/21 19:08:15.656, 19708 MiB
2026/06/21 19:08:16.676, 19708 MiB
2026/06/21 19:08:17.693, 19772 MiB
2026/06/21 19:08:18.716, 19772 MiB
2026/06/21 19:08:19.736, 19708 MiB
2026/06/21 19:08:20.756, 19708 MiB
2026/06/21 19:08:21.776, 19708 MiB
2026/06/21 19:08:22.795, 19772 MiB
2026/06/21 19:08:23.821, 19708 MiB
2026/06/21 19:08:24.850, 19708 MiB
2026/06/21 19:08:25.878, 19708 MiB
2026/06/21 19:08:26.905, 19708 MiB
2026/06/21 19:08:27.928, 19772 MiB
2026/06/21 19:08:28.946, 19772 MiB
2026/06/21 19:08:29.967, 19708 MiB
2026/06/21 19:08:30.987, 19708 MiB
2026/06/21 19:08:32.004, 19708 MiB
2026/06/21 19:08:33.023, 19708 MiB
2026/06/21 19:08:34.045, 19772 MiB
2026/06/21 19:08:35.066, 19708 MiB
2026/06/21 19:08:36.085, 19708 MiB
2026/06/21 19:08:37.107, 19708 MiB
2026/06/21 19:08:38.128, 19708 MiB
2026/06/21 19:08:39.149, 19772 MiB
2026/06/21 19:08:40.169, 19708 MiB
2026/06/21 19:08:41.187, 19708 MiB
2026/06/21 19:08:42.203, 19772 MiB
2026/06/21 19:08:43.224, 19772 MiB
2026/06/21 19:08:44.247, 19772 MiB
2026/06/21 19:08:45.275, 19708 MiB
2026/06/21 19:08:46.295, 19708 MiB
2026/06/21 19:08:47.315, 19772 MiB
2026/06/21 19:08:48.332, 19772 MiB
2026/06/21 19:08:49.350, 19772 MiB
2026/06/21 19:08:50.366, 19708 MiB
2026/06/21 19:08:51.387, 19708 MiB
2026/06/21 19:08:52.404, 19772 MiB
2026/06/21 19:08:53.430, 19772 MiB
2026/06/21 19:08:54.458, 19772 MiB
2026/06/21 19:08:55.485, 19708 MiB
2026/06/21 19:08:56.508, 19708 MiB
2026/06/21 19:08:57.533, 19772 MiB
2026/06/21 19:08:58.554, 19772 MiB
2026/06/21 19:08:59.571, 19772 MiB
2026/06/21 19:09:00.593, 19708 MiB
2026/06/21 19:09:01.617, 19708 MiB
2026/06/21 19:09:02.640, 19708 MiB
2026/06/21 19:09:03.662, 19772 MiB
2026/06/21 19:09:04.680, 19772 MiB
2026/06/21 19:09:05.703, 19708 MiB
2026/06/21 19:09:06.729, 19708 MiB
2026/06/21 19:09:07.749, 19772 MiB
2026/06/21 19:09:08.766, 19772 MiB
2026/06/21 19:09:09.786, 19708 MiB
2026/06/21 19:09:10.808, 19708 MiB
2026/06/21 19:09:11.827, 19708 MiB
2026/06/21 19:09:12.846, 19772 MiB
2026/06/21 19:09:13.868, 19772 MiB
2026/06/21 19:09:14.889, 19708 MiB
2026/06/21 19:09:15.910, 19708 MiB
2026/06/21 19:09:16.933, 19708 MiB
2026/06/21 19:09:17.955, 19708 MiB
2026/06/21 19:09:18.972, 19772 MiB
2026/06/21 19:09:19.991, 19708 MiB
2026/06/21 19:09:21.014, 19708 MiB
2026/06/21 19:09:22.034, 19708 MiB
2026/06/21 19:09:23.051, 19708 MiB
2026/06/21 19:09:24.071, 19772 MiB
2026/06/21 19:09:25.091, 19708 MiB
2026/06/21 19:09:26.111, 19708 MiB
2026/06/21 19:09:27.131, 19708 MiB
2026/06/21 19:09:28.153, 19772 MiB
2026/06/21 19:09:29.172, 19772 MiB
2026/06/21 19:09:30.194, 19708 MiB
2026/06/21 19:09:31.213, 19708 MiB
2026/06/21 19:09:32.233, 19708 MiB
2026/06/21 19:09:33.254, 19772 MiB
2026/06/21 19:09:34.278, 19772 MiB
2026/06/21 19:09:35.298, 19708 MiB
2026/06/21 19:09:36.319, 19708 MiB
2026/06/21 19:09:37.339, 19708 MiB
2026/06/21 19:09:38.361, 19772 MiB
2026/06/21 19:09:39.379, 19772 MiB
2026/06/21 19:09:40.402, 19708 MiB
2026/06/21 19:09:41.425, 19708 MiB
2026/06/21 19:09:42.449, 19708 MiB
2026/06/21 19:09:43.470, 19708 MiB
2026/06/21 19:09:44.490, 19708 MiB
2026/06/21 19:09:45.509, 19708 MiB
2026/06/21 19:09:46.533, 19708 MiB
2026/06/21 19:09:47.551, 19708 MiB
2026/06/21 19:09:48.570, 19772 MiB
2026/06/21 19:09:49.586, 19772 MiB
2026/06/21 19:09:50.607, 19708 MiB
2026/06/21 19:09:51.632, 19708 MiB
2026/06/21 19:09:52.655, 19708 MiB
2026/06/21 19:09:53.679, 19772 MiB
2026/06/21 19:09:54.706, 19772 MiB
2026/06/21 19:09:55.728, 19708 MiB
2026/06/21 19:09:56.751, 19708 MiB
2026/06/21 19:09:57.772, 19708 MiB
2026/06/21 19:09:58.792, 19772 MiB
2026/06/21 19:09:59.813, 19772 MiB
2026/06/21 19:10:00.834, 19708 MiB
2026/06/21 19:10:01.853, 19708 MiB
2026/06/21 19:10:02.874, 19708 MiB
2026/06/21 19:10:03.891, 19772 MiB
2026/06/21 19:10:04.914, 19708 MiB
2026/06/21 19:10:05.938, 19708 MiB
2026/06/21 19:10:06.956, 19708 MiB
2026/06/21 19:10:07.978, 19708 MiB
2026/06/21 19:10:08.999, 19708 MiB
2026/06/21 19:10:10.019, 19708 MiB
2026/06/21 19:10:11.040, 19708 MiB
2026/06/21 19:10:12.059, 19708 MiB
2026/06/21 19:10:13.074, 19708 MiB
2026/06/21 19:10:14.093, 19708 MiB
2026/06/21 19:10:15.115, 20732 MiB
2026/06/21 19:10:16.137, 20732 MiB
2026/06/21 19:10:17.157, 20732 MiB
2026/06/21 19:10:18.177, 20796 MiB
2026/06/21 19:10:19.196, 20796 MiB
2026/06/21 19:10:20.215, 20732 MiB
2026/06/21 19:10:21.236, 20732 MiB
2026/06/21 19:10:22.255, 20796 MiB
2026/06/21 19:10:23.273, 20796 MiB
2026/06/21 19:10:24.297, 20732 MiB
2026/06/21 19:10:25.322, 20732 MiB
2026/06/21 19:10:26.346, 20732 MiB
2026/06/21 19:10:27.364, 20732 MiB
2026/06/21 19:10:28.387, 20796 MiB
2026/06/21 19:10:29.404, 20732 MiB
2026/06/21 19:10:30.424, 20732 MiB
2026/06/21 19:10:31.439, 20732 MiB
2026/06/21 19:10:32.454, 20796 MiB
2026/06/21 19:10:33.471, 20796 MiB
2026/06/21 19:10:34.496, 20732 MiB
2026/06/21 19:10:35.521, 20732 MiB
2026/06/21 19:10:36.543, 20732 MiB
2026/06/21 19:10:37.560, 20796 MiB
2026/06/21 19:10:38.579, 20732 MiB
2026/06/21 19:10:39.601, 20732 MiB
2026/06/21 19:10:40.624, 20732 MiB
2026/06/21 19:10:41.644, 20732 MiB
2026/06/21 19:10:42.664, 20796 MiB
2026/06/21 19:10:43.686, 20732 MiB
2026/06/21 19:10:44.706, 20732 MiB
2026/06/21 19:10:45.725, 20732 MiB
2026/06/21 19:10:46.745, 20732 MiB
2026/06/21 19:10:47.771, 20796 MiB
2026/06/21 19:10:48.795, 20796 MiB
2026/06/21 19:10:49.816, 20732 MiB
2026/06/21 19:10:50.838, 20732 MiB
2026/06/21 19:10:51.860, 20732 MiB
2026/06/21 19:10:52.879, 20732 MiB
2026/06/21 19:10:53.902, 20796 MiB
2026/06/21 19:10:54.921, 20732 MiB
2026/06/21 19:10:55.945, 20732 MiB
2026/06/21 19:10:56.965, 20732 MiB
2026/06/21 19:10:57.986, 20796 MiB
2026/06/21 19:10:59.007, 20732 MiB
2026/06/21 19:11:00.031, 20732 MiB
2026/06/21 19:11:01.055, 20732 MiB
2026/06/21 19:11:02.073, 20732 MiB
2026/06/21 19:11:03.094, 20796 MiB
2026/06/21 19:11:04.114, 20796 MiB
2026/06/21 19:11:05.130, 20732 MiB
2026/06/21 19:11:06.151, 20732 MiB
2026/06/21 19:11:07.172, 20732 MiB
2026/06/21 19:11:08.191, 20796 MiB
2026/06/21 19:11:09.211, 20796 MiB
2026/06/21 19:11:10.232, 20732 MiB
2026/06/21 19:11:11.251, 20732 MiB
2026/06/21 19:11:12.273, 20732 MiB
2026/06/21 19:11:13.292, 20796 MiB
2026/06/21 19:11:14.315, 20732 MiB
2026/06/21 19:11:15.335, 20732 MiB
2026/06/21 19:11:16.353, 20732 MiB
2026/06/21 19:11:17.372, 20732 MiB
2026/06/21 19:11:18.393, 20796 MiB
2026/06/21 19:11:19.411, 20732 MiB
2026/06/21 19:11:20.429, 20732 MiB
2026/06/21 19:11:21.448, 20732 MiB
2026/06/21 19:11:22.471, 20732 MiB
2026/06/21 19:11:23.487, 20796 MiB
2026/06/21 19:11:24.504, 20796 MiB
2026/06/21 19:11:25.523, 20732 MiB
2026/06/21 19:11:26.544, 20732 MiB
2026/06/21 19:11:27.567, 20732 MiB
2026/06/21 19:11:28.586, 20796 MiB
2026/06/21 19:11:29.606, 20796 MiB
2026/06/21 19:11:30.628, 20732 MiB
2026/06/21 19:11:31.646, 20732 MiB
2026/06/21 19:11:32.666, 20732 MiB
2026/06/21 19:11:33.684, 20796 MiB
2026/06/21 19:11:34.705, 20796 MiB
2026/06/21 19:11:35.722, 20732 MiB
2026/06/21 19:11:36.743, 20732 MiB
2026/06/21 19:11:37.762, 20732 MiB
2026/06/21 19:11:38.779, 20796 MiB
2026/06/21 19:11:39.800, 20732 MiB
2026/06/21 19:11:40.821, 20732 MiB
2026/06/21 19:11:41.841, 20732 MiB
2026/06/21 19:11:42.858, 20732 MiB
2026/06/21 19:11:43.875, 20796 MiB
2026/06/21 19:11:44.900, 20796 MiB
2026/06/21 19:11:45.927, 20732 MiB
2026/06/21 19:11:46.949, 20732 MiB
2026/06/21 19:11:47.972, 20732 MiB
2026/06/21 19:11:48.993, 20796 MiB
2026/06/21 19:11:50.012, 20796 MiB
2026/06/21 19:11:51.033, 20732 MiB
2026/06/21 19:11:52.055, 20732 MiB
2026/06/21 19:11:53.076, 20732 MiB
2026/06/21 19:11:54.098, 20732 MiB
2026/06/21 19:11:55.120, 20796 MiB
2026/06/21 19:11:56.140, 20732 MiB
2026/06/21 19:11:57.159, 20732 MiB
2026/06/21 19:11:58.179, 20732 MiB
2026/06/21 19:11:59.197, 20796 MiB
2026/06/21 19:12:00.222, 20796 MiB
2026/06/21 19:12:01.241, 20732 MiB
2026/06/21 19:12:02.261, 20732 MiB
2026/06/21 19:12:03.279, 20732 MiB
2026/06/21 19:12:04.299, 20796 MiB
2026/06/21 19:12:05.315, 20796 MiB
2026/06/21 19:12:06.336, 20732 MiB
2026/06/21 19:12:07.356, 20732 MiB
2026/06/21 19:12:08.379, 20732 MiB
2026/06/21 19:12:09.399, 20796 MiB
2026/06/21 19:12:10.416, 20732 MiB
2026/06/21 19:12:11.433, 20732 MiB
2026/06/21 19:12:12.449, 20732 MiB
2026/06/21 19:12:13.467, 20732 MiB
2026/06/21 19:12:14.490, 20732 MiB
2026/06/21 19:12:15.514, 20796 MiB
2026/06/21 19:12:16.531, 20732 MiB
2026/06/21 19:12:17.556, 20732 MiB
2026/06/21 19:12:18.579, 20732 MiB
2026/06/21 19:12:19.601, 20796 MiB
2026/06/21 19:12:20.618, 20732 MiB
2026/06/21 19:12:21.640, 20732 MiB
2026/06/21 19:12:22.657, 20732 MiB
2026/06/21 19:12:23.674, 20732 MiB
2026/06/21 19:12:24.693, 20732 MiB
2026/06/21 19:12:25.717, 20732 MiB
2026/06/21 19:12:26.741, 20732 MiB
2026/06/21 19:12:27.763, 20732 MiB
2026/06/21 19:12:28.784, 20732 MiB
2026/06/21 19:12:29.805, 20796 MiB
2026/06/21 19:12:30.827, 20796 MiB
2026/06/21 19:12:31.850, 20732 MiB
2026/06/21 19:12:32.873, 20732 MiB
2026/06/21 19:12:33.907, 20732 MiB
2026/06/21 19:12:34.941, 20732 MiB
2026/06/21 19:12:35.964, 20732 MiB
2026/06/21 19:12:36.983, 20732 MiB
2026/06/21 19:12:38.006, 20732 MiB
2026/06/21 19:12:39.028, 20732 MiB
2026/06/21 19:12:40.052, 20732 MiB
2026/06/21 19:12:41.075, 20732 MiB
2026/06/21 19:12:42.095, 20632 MiB
2026/06/21 19:12:43.117, 20632 MiB
2026/06/21 19:12:44.134, 20632 MiB
2026/06/21 19:12:45.153, 20696 MiB
2026/06/21 19:12:46.172, 20696 MiB
2026/06/21 19:12:47.563, 20632 MiB
2026/06/21 19:12:48.582, 20632 MiB
2026/06/21 19:12:49.601, 20632 MiB
2026/06/21 19:12:50.623, 20632 MiB
2026/06/21 19:12:51.646, 20632 MiB
2026/06/21 19:12:52.669, 20632 MiB
2026/06/21 19:12:53.690, 20632 MiB
2026/06/21 19:12:54.714, 20632 MiB
2026/06/21 19:12:55.736, 20632 MiB
2026/06/21 19:12:56.759, 9014 MiB
2026/06/21 19:12:57.780, 9560 MiB
2026/06/21 19:12:58.803, 9692 MiB
2026/06/21 19:12:59.830, 10108 MiB
2026/06/21 19:13:00.847, 10052 MiB
2026/06/21 19:13:01.871, 10052 MiB
2026/06/21 19:13:02.889, 10052 MiB
2026/06/21 19:13:03.911, 11010 MiB
2026/06/21 19:13:04.941, 11010 MiB
2026/06/21 19:13:05.960, 11010 MiB
2026/06/21 19:13:06.977, 10314 MiB
2026/06/21 19:13:07.997, 10314 MiB
2026/06/21 19:13:09.014, 10314 MiB
2026/06/21 19:13:10.031, 11820 MiB
2026/06/21 19:13:11.048, 11820 MiB
2026/06/21 19:13:12.065, 11820 MiB
2026/06/21 19:13:13.086, 11820 MiB
2026/06/21 19:13:14.106, 11820 MiB
2026/06/21 19:13:15.132, 11820 MiB
2026/06/21 19:13:16.155, 9446 MiB
2026/06/21 19:13:17.174, 9252 MiB
2026/06/21 19:13:18.198, 9518 MiB
2026/06/21 19:13:19.219, 9252 MiB
2026/06/21 19:13:20.238, 9252 MiB
2026/06/21 19:13:21.260, 9252 MiB
2026/06/21 19:13:22.283, 7476 MiB
2026/06/21 19:13:23.300, 5116 MiB
2026/06/21 19:13:24.315, 4922 MiB
