timestamp_epoch,timestamp_iso,gpu_index,memory_used_mib,memory_total_mib,utilization_gpu_pct,power_draw_w
1782059287,2026-06-21T17:28:07+01:00,0,3456,32607,0,29.90
1782059289,2026-06-21T17:28:09+01:00,0,4111,32607,0,58.35
1782059291,2026-06-21T17:28:11+01:00,0,4359,32607,0,66.15
1782059293,2026-06-21T17:28:13+01:00,0,4367,32607,1,68.01
1782059296,2026-06-21T17:28:16+01:00,0,4415,32607,0,68.24
1782059298,2026-06-21T17:28:18+01:00,0,4495,32607,0,72.39
1782059300,2026-06-21T17:28:20+01:00,0,4553,32607,3,92.38
1782059302,2026-06-21T17:28:22+01:00,0,4585,32607,4,99.91
1782059304,2026-06-21T17:28:24+01:00,0,4585,32607,3,100.89
1782059306,2026-06-21T17:28:26+01:00,0,4447,32607,1,68.57
1782059308,2026-06-21T17:28:28+01:00,0,4517,32607,0,72.41
1782059310,2026-06-21T17:28:30+01:00,0,4533,32607,0,66.44
1782059312,2026-06-21T17:28:32+01:00,0,4533,32607,0,66.91
1782059314,2026-06-21T17:28:34+01:00,0,4699,32607,0,96.19
1782059317,2026-06-21T17:28:37+01:00,0,4733,32607,0,67.48
1782059319,2026-06-21T17:28:39+01:00,0,4761,32607,0,68.32
1782059321,2026-06-21T17:28:41+01:00,0,5151,32607,0,66.83
1782059323,2026-06-21T17:28:43+01:00,0,4757,32607,0,83.64
1782059325,2026-06-21T17:28:45+01:00,0,4759,32607,0,67.51
1782059327,2026-06-21T17:28:47+01:00,0,5061,32607,0,66.36
1782059329,2026-06-21T17:28:49+01:00,0,5099,32607,0,96.02
1782059332,2026-06-21T17:28:52+01:00,0,5073,32607,0,136.86
1782059334,2026-06-21T17:28:54+01:00,0,5093,32607,0,79.18
1782059336,2026-06-21T17:28:56+01:00,0,5095,32607,0,66.77
1782059338,2026-06-21T17:28:58+01:00,0,5235,32607,1,73.17
1782059340,2026-06-21T17:29:00+01:00,0,5371,32607,4,85.76
1782059342,2026-06-21T17:29:02+01:00,0,5379,32607,3,101.45
1782059344,2026-06-21T17:29:04+01:00,0,5379,32607,4,103.52
1782059346,2026-06-21T17:29:06+01:00,0,5111,32607,0,68.82
1782059348,2026-06-21T17:29:08+01:00,0,5251,32607,0,69.34
1782059350,2026-06-21T17:29:10+01:00,0,5273,32607,0,87.86
1782059352,2026-06-21T17:29:12+01:00,0,5125,32607,3,111.60
1782059355,2026-06-21T17:29:15+01:00,0,5125,32607,0,91.81
1782059357,2026-06-21T17:29:17+01:00,0,5125,32607,0,67.26
1782059359,2026-06-21T17:29:19+01:00,0,5125,32607,0,67.55
1782059361,2026-06-21T17:29:21+01:00,0,5125,32607,0,67.38
1782059363,2026-06-21T17:29:23+01:00,0,5125,32607,0,67.22
1782059365,2026-06-21T17:29:25+01:00,0,5125,32607,4,67.07
1782059367,2026-06-21T17:29:27+01:00,0,5125,32607,0,66.68
1782059370,2026-06-21T17:29:30+01:00,0,5125,32607,0,66.62
1782059372,2026-06-21T17:29:32+01:00,0,5125,32607,0,66.69
1782059374,2026-06-21T17:29:34+01:00,0,5125,32607,0,67.21
1782059376,2026-06-21T17:29:36+01:00,0,5125,32607,0,66.96
1782059378,2026-06-21T17:29:38+01:00,0,5125,32607,0,67.01
1782059381,2026-06-21T17:29:41+01:00,0,5125,32607,0,66.96
1782059383,2026-06-21T17:29:43+01:00,0,5125,32607,0,35.88
1782059385,2026-06-21T17:29:45+01:00,0,5125,32607,0,28.38
1782059387,2026-06-21T17:29:47+01:00,0,5125,32607,0,29.02
1782059389,2026-06-21T17:29:49+01:00,0,5125,32607,0,30.38
1782059391,2026-06-21T17:29:51+01:00,0,5125,32607,0,31.56
1782059393,2026-06-21T17:29:53+01:00,0,5125,32607,0,29.72
1782059395,2026-06-21T17:29:55+01:00,0,5125,32607,0,28.57
1782059397,2026-06-21T17:29:57+01:00,0,5125,32607,0,28.97
1782059400,2026-06-21T17:30:00+01:00,0,5125,32607,0,28.91
1782059402,2026-06-21T17:30:02+01:00,0,5125,32607,0,29.84
1782059404,2026-06-21T17:30:04+01:00,0,5125,32607,0,30.28
1782059406,2026-06-21T17:30:06+01:00,0,5125,32607,0,29.55
1782059408,2026-06-21T17:30:08+01:00,0,5125,32607,0,28.70
1782059410,2026-06-21T17:30:10+01:00,0,5125,32607,0,29.51
1782059412,2026-06-21T17:30:12+01:00,0,5125,32607,0,31.05
1782059415,2026-06-21T17:30:15+01:00,0,5125,32607,0,28.69
1782059417,2026-06-21T17:30:17+01:00,0,5125,32607,0,29.97
1782059419,2026-06-21T17:30:19+01:00,0,5125,32607,0,28.63
1782059421,2026-06-21T17:30:21+01:00,0,5125,32607,0,29.29
1782059423,2026-06-21T17:30:23+01:00,0,5125,32607,0,29.87
1782059425,2026-06-21T17:30:25+01:00,0,5125,32607,0,29.76
1782059427,2026-06-21T17:30:27+01:00,0,5125,32607,0,28.88
1782059429,2026-06-21T17:30:29+01:00,0,5125,32607,0,29.48
1782059432,2026-06-21T17:30:32+01:00,0,5125,32607,0,29.83
1782059434,2026-06-21T17:30:34+01:00,0,5125,32607,0,30.01
1782059436,2026-06-21T17:30:36+01:00,0,5125,32607,5,29.67
1782059438,2026-06-21T17:30:38+01:00,0,5125,32607,0,29.33
1782059440,2026-06-21T17:30:40+01:00,0,5125,32607,0,31.00
1782059442,2026-06-21T17:30:42+01:00,0,5125,32607,5,28.44
1782059444,2026-06-21T17:30:44+01:00,0,5125,32607,0,28.48
1782059447,2026-06-21T17:30:47+01:00,0,5125,32607,0,29.70
1782059450,2026-06-21T17:30:50+01:00,0,5125,32607,0,29.88
1782059452,2026-06-21T17:30:52+01:00,0,5125,32607,0,30.32
1782059454,2026-06-21T17:30:54+01:00,0,5125,32607,0,28.26
1782059456,2026-06-21T17:30:56+01:00,0,5125,32607,0,30.03
1782059458,2026-06-21T17:30:58+01:00,0,5125,32607,0,29.63
1782059460,2026-06-21T17:31:00+01:00,0,5125,32607,0,29.31
1782059462,2026-06-21T17:31:02+01:00,0,5125,32607,0,28.95
1782059464,2026-06-21T17:31:04+01:00,0,5125,32607,0,28.46
1782059467,2026-06-21T17:31:07+01:00,0,5125,32607,0,29.67
1782059469,2026-06-21T17:31:09+01:00,0,5125,32607,0,28.57
1782059471,2026-06-21T17:31:11+01:00,0,5125,32607,0,28.50
1782059473,2026-06-21T17:31:13+01:00,0,5125,32607,0,29.07
1782059475,2026-06-21T17:31:15+01:00,0,5125,32607,0,28.58
1782059477,2026-06-21T17:31:17+01:00,0,5125,32607,0,29.41
1782059479,2026-06-21T17:31:19+01:00,0,5125,32607,0,29.45
1782059481,2026-06-21T17:31:21+01:00,0,5125,32607,0,30.65
1782059483,2026-06-21T17:31:23+01:00,0,5125,32607,0,30.25
1782059486,2026-06-21T17:31:26+01:00,0,5125,32607,2,28.89
1782059488,2026-06-21T17:31:28+01:00,0,5125,32607,3,30.26
1782059490,2026-06-21T17:31:30+01:00,0,5125,32607,0,29.91
1782059492,2026-06-21T17:31:32+01:00,0,5125,32607,0,29.66
1782059494,2026-06-21T17:31:34+01:00,0,5125,32607,0,30.49
1782059496,2026-06-21T17:31:36+01:00,0,5125,32607,0,29.34
1782059498,2026-06-21T17:31:38+01:00,0,5125,32607,0,30.05
1782059500,2026-06-21T17:31:40+01:00,0,5125,32607,0,28.92
1782059502,2026-06-21T17:31:42+01:00,0,5125,32607,0,30.44
1782059505,2026-06-21T17:31:45+01:00,0,5125,32607,0,30.25
1782059507,2026-06-21T17:31:47+01:00,0,5125,32607,0,29.72
1782059509,2026-06-21T17:31:49+01:00,0,5125,32607,0,32.24
1782059511,2026-06-21T17:31:51+01:00,0,5125,32607,0,29.99
1782059513,2026-06-21T17:31:53+01:00,0,5125,32607,0,28.87
1782059515,2026-06-21T17:31:55+01:00,0,5125,32607,0,31.00
1782059517,2026-06-21T17:31:57+01:00,0,5125,32607,0,30.58
1782059519,2026-06-21T17:31:59+01:00,0,5125,32607,0,29.75
1782059522,2026-06-21T17:32:02+01:00,0,5125,32607,0,31.09
1782059524,2026-06-21T17:32:04+01:00,0,5125,32607,0,31.25
1782059526,2026-06-21T17:32:06+01:00,0,5125,32607,0,29.16
1782059528,2026-06-21T17:32:08+01:00,0,5125,32607,0,29.51
1782059530,2026-06-21T17:32:10+01:00,0,5125,32607,0,30.50
1782059532,2026-06-21T17:32:12+01:00,0,5125,32607,0,29.80
1782059534,2026-06-21T17:32:14+01:00,0,5125,32607,0,29.61
1782059537,2026-06-21T17:32:17+01:00,0,5125,32607,0,29.18
1782059539,2026-06-21T17:32:19+01:00,0,5125,32607,5,31.12
1782059541,2026-06-21T17:32:21+01:00,0,5125,32607,0,27.82
1782059543,2026-06-21T17:32:23+01:00,0,5125,32607,0,29.76
1782059545,2026-06-21T17:32:25+01:00,0,5125,32607,0,30.16
1782059547,2026-06-21T17:32:27+01:00,0,5125,32607,0,29.91
1782059549,2026-06-21T17:32:29+01:00,0,5125,32607,0,27.92
1782059551,2026-06-21T17:32:31+01:00,0,5125,32607,0,30.13
1782059553,2026-06-21T17:32:33+01:00,0,5125,32607,4,30.15
1782059556,2026-06-21T17:32:36+01:00,0,5125,32607,3,30.78
1782059558,2026-06-21T17:32:38+01:00,0,5125,32607,0,30.37
1782059560,2026-06-21T17:32:40+01:00,0,5125,32607,0,29.19
1782059562,2026-06-21T17:32:42+01:00,0,5125,32607,0,29.27
1782059564,2026-06-21T17:32:44+01:00,0,5125,32607,0,29.34
1782059566,2026-06-21T17:32:46+01:00,0,5125,32607,0,29.69
1782059568,2026-06-21T17:32:48+01:00,0,5125,32607,0,28.54
1782059571,2026-06-21T17:32:51+01:00,0,5125,32607,0,30.37
1782059573,2026-06-21T17:32:53+01:00,0,5125,32607,3,32.91
1782059575,2026-06-21T17:32:55+01:00,0,5125,32607,0,33.26
1782059577,2026-06-21T17:32:57+01:00,0,5125,32607,0,28.22
1782059579,2026-06-21T17:32:59+01:00,0,5125,32607,0,28.90
1782059581,2026-06-21T17:33:01+01:00,0,5144,32607,0,40.39
1782059583,2026-06-21T17:33:03+01:00,0,5148,32607,1,34.55
1782059585,2026-06-21T17:33:05+01:00,0,5148,32607,0,32.52
1782059588,2026-06-21T17:33:08+01:00,0,5148,32607,0,32.77
1782059590,2026-06-21T17:33:10+01:00,0,5148,32607,0,35.30
1782059592,2026-06-21T17:33:12+01:00,0,5148,32607,10,32.71
1782059594,2026-06-21T17:33:14+01:00,0,5230,32607,1,58.78
1782059596,2026-06-21T17:33:16+01:00,0,5230,32607,1,54.45
1782059598,2026-06-21T17:33:18+01:00,0,5230,32607,4,31.27
1782059600,2026-06-21T17:33:20+01:00,0,5230,32607,9,32.72
1782059602,2026-06-21T17:33:22+01:00,0,5230,32607,10,32.71
1782059604,2026-06-21T17:33:24+01:00,0,5230,32607,10,32.29
1782059607,2026-06-21T17:33:27+01:00,0,5230,32607,10,33.48
1782059609,2026-06-21T17:33:29+01:00,0,5230,32607,10,34.91
1782059611,2026-06-21T17:33:31+01:00,0,5230,32607,10,34.05
1782059614,2026-06-21T17:33:34+01:00,0,5230,32607,10,32.78
1782059616,2026-06-21T17:33:36+01:00,0,5230,32607,10,32.20
1782059618,2026-06-21T17:33:38+01:00,0,5230,32607,10,33.62
1782059620,2026-06-21T17:33:40+01:00,0,5230,32607,10,32.90
1782059622,2026-06-21T17:33:42+01:00,0,5230,32607,9,31.17
1782059624,2026-06-21T17:33:44+01:00,0,5230,32607,10,31.27
1782059626,2026-06-21T17:33:46+01:00,0,5230,32607,10,31.49
1782059629,2026-06-21T17:33:49+01:00,0,5230,32607,10,31.02
1782059631,2026-06-21T17:33:51+01:00,0,5230,32607,10,31.97
1782059633,2026-06-21T17:33:53+01:00,0,5230,32607,10,31.27
1782059635,2026-06-21T17:33:55+01:00,0,5230,32607,10,30.72
1782059637,2026-06-21T17:33:57+01:00,0,5230,32607,9,29.29
1782059639,2026-06-21T17:33:59+01:00,0,5230,32607,10,29.98
1782059641,2026-06-21T17:34:01+01:00,0,5230,32607,10,31.05
1782059643,2026-06-21T17:34:03+01:00,0,5230,32607,10,30.39
1782059645,2026-06-21T17:34:05+01:00,0,5230,32607,9,29.76
1782059648,2026-06-21T17:34:08+01:00,0,5230,32607,10,28.67
1782059650,2026-06-21T17:34:10+01:00,0,5232,32607,10,28.77
1782059652,2026-06-21T17:34:12+01:00,0,5232,32607,10,29.34
1782059654,2026-06-21T17:34:14+01:00,0,5232,32607,10,27.85
1782059656,2026-06-21T17:34:16+01:00,0,5232,32607,10,30.70
1782059658,2026-06-21T17:34:18+01:00,0,5232,32607,10,30.07
1782059660,2026-06-21T17:34:20+01:00,0,5232,32607,10,32.10
1782059662,2026-06-21T17:34:22+01:00,0,5232,32607,10,31.02
1782059665,2026-06-21T17:34:25+01:00,0,5232,32607,11,29.92
1782059667,2026-06-21T17:34:27+01:00,0,5232,32607,10,30.05
1782059669,2026-06-21T17:34:29+01:00,0,5232,32607,10,30.32
1782059671,2026-06-21T17:34:31+01:00,0,5232,32607,10,29.37
1782059673,2026-06-21T17:34:33+01:00,0,5232,32607,10,28.73
1782059675,2026-06-21T17:34:35+01:00,0,5232,32607,10,30.59
1782059677,2026-06-21T17:34:37+01:00,0,5232,32607,15,31.41
1782059679,2026-06-21T17:34:39+01:00,0,5232,32607,10,30.33
1782059681,2026-06-21T17:34:41+01:00,0,5232,32607,1,72.19
1782059684,2026-06-21T17:34:44+01:00,0,5970,32607,1,72.80
1782059686,2026-06-21T17:34:46+01:00,0,5232,32607,1,76.75
1782059688,2026-06-21T17:34:48+01:00,0,5232,32607,8,71.13
1782059690,2026-06-21T17:34:50+01:00,0,5232,32607,1,73.60
1782059692,2026-06-21T17:34:52+01:00,0,5232,32607,1,67.66
1782059694,2026-06-21T17:34:54+01:00,0,5232,32607,1,70.90
1782059697,2026-06-21T17:34:57+01:00,0,5232,32607,1,76.87
1782059699,2026-06-21T17:34:59+01:00,0,5232,32607,5,77.50
1782059701,2026-06-21T17:35:01+01:00,0,5232,32607,17,73.02
1782059703,2026-06-21T17:35:03+01:00,0,5232,32607,1,68.94
1782059705,2026-06-21T17:35:05+01:00,0,5232,32607,1,67.02
1782059707,2026-06-21T17:35:07+01:00,0,5232,32607,1,74.81
1782059709,2026-06-21T17:35:09+01:00,0,5232,32607,1,79.16
1782059711,2026-06-21T17:35:11+01:00,0,5788,32607,1,76.72
1782059714,2026-06-21T17:35:14+01:00,0,5232,32607,20,76.26
1782059716,2026-06-21T17:35:16+01:00,0,5232,32607,1,75.26
1782059718,2026-06-21T17:35:18+01:00,0,5232,32607,4,73.28
1782059720,2026-06-21T17:35:20+01:00,0,5232,32607,1,71.38
1782059722,2026-06-21T17:35:22+01:00,0,5232,32607,1,72.87
1782059724,2026-06-21T17:35:24+01:00,0,5232,32607,1,67.40
1782059726,2026-06-21T17:35:26+01:00,0,5233,32607,1,68.00
1782059729,2026-06-21T17:35:29+01:00,0,5233,32607,1,67.75
1782059731,2026-06-21T17:35:31+01:00,0,5233,32607,1,67.62
1782059733,2026-06-21T17:35:33+01:00,0,5233,32607,1,67.24
1782059735,2026-06-21T17:35:35+01:00,0,5233,32607,1,67.22
1782059737,2026-06-21T17:35:37+01:00,0,5233,32607,1,67.28
1782059739,2026-06-21T17:35:39+01:00,0,5233,32607,1,48.72
1782059741,2026-06-21T17:35:41+01:00,0,5233,32607,4,29.19
1782059743,2026-06-21T17:35:43+01:00,0,5233,32607,10,30.24
1782059745,2026-06-21T17:35:45+01:00,0,5233,32607,10,30.72
1782059748,2026-06-21T17:35:48+01:00,0,5233,32607,9,30.38
1782059750,2026-06-21T17:35:50+01:00,0,5233,32607,10,29.66
1782059752,2026-06-21T17:35:52+01:00,0,5233,32607,10,30.58
1782059754,2026-06-21T17:35:54+01:00,0,5233,32607,10,28.43
1782059756,2026-06-21T17:35:56+01:00,0,5233,32607,10,28.94
1782059758,2026-06-21T17:35:58+01:00,0,5233,32607,10,28.90
1782059760,2026-06-21T17:36:00+01:00,0,5233,32607,10,31.66
1782059762,2026-06-21T17:36:02+01:00,0,5233,32607,9,29.16
1782059764,2026-06-21T17:36:04+01:00,0,5233,32607,10,30.44
1782059767,2026-06-21T17:36:07+01:00,0,5233,32607,10,30.28
1782059769,2026-06-21T17:36:09+01:00,0,5233,32607,10,30.52
1782059771,2026-06-21T17:36:11+01:00,0,5233,32607,15,30.71
1782059773,2026-06-21T17:36:13+01:00,0,5233,32607,9,29.81
1782059775,2026-06-21T17:36:15+01:00,0,5233,32607,9,30.86
1782059777,2026-06-21T17:36:17+01:00,0,5233,32607,12,30.14
1782059779,2026-06-21T17:36:19+01:00,0,5233,32607,12,29.47
1782059781,2026-06-21T17:36:21+01:00,0,5233,32607,10,30.31
1782059784,2026-06-21T17:36:24+01:00,0,5233,32607,9,30.95
1782059786,2026-06-21T17:36:26+01:00,0,5233,32607,13,31.33
1782059788,2026-06-21T17:36:28+01:00,0,5233,32607,11,30.35
1782059790,2026-06-21T17:36:30+01:00,0,5233,32607,10,30.79
1782059792,2026-06-21T17:36:32+01:00,0,5233,32607,8,31.20
1782059794,2026-06-21T17:36:34+01:00,0,5233,32607,10,31.19
1782059796,2026-06-21T17:36:36+01:00,0,5233,32607,10,30.53
1782059798,2026-06-21T17:36:38+01:00,0,5233,32607,9,31.39
1782059800,2026-06-21T17:36:40+01:00,0,5233,32607,9,31.33
1782059803,2026-06-21T17:36:43+01:00,0,5233,32607,10,30.25
1782059805,2026-06-21T17:36:45+01:00,0,5233,32607,9,29.51
1782059807,2026-06-21T17:36:47+01:00,0,5233,32607,9,29.10
1782059809,2026-06-21T17:36:49+01:00,0,5233,32607,9,30.37
1782059811,2026-06-21T17:36:51+01:00,0,5233,32607,10,31.33
1782059813,2026-06-21T17:36:53+01:00,0,5233,32607,10,30.71
1782059815,2026-06-21T17:36:55+01:00,0,5233,32607,10,30.18
1782059817,2026-06-21T17:36:57+01:00,0,5233,32607,10,30.40
1782059820,2026-06-21T17:37:00+01:00,0,5233,32607,9,30.56
1782059822,2026-06-21T17:37:02+01:00,0,5233,32607,10,31.24
1782059824,2026-06-21T17:37:04+01:00,0,5233,32607,9,30.42
1782059826,2026-06-21T17:37:06+01:00,0,5233,32607,10,30.74
1782059828,2026-06-21T17:37:08+01:00,0,5233,32607,10,30.96
1782059830,2026-06-21T17:37:10+01:00,0,5233,32607,10,30.85
1782059832,2026-06-21T17:37:12+01:00,0,5233,32607,10,29.94
1782059834,2026-06-21T17:37:14+01:00,0,5233,32607,10,31.31
1782059836,2026-06-21T17:37:16+01:00,0,5233,32607,10,30.02
1782059838,2026-06-21T17:37:18+01:00,0,5233,32607,10,29.91
1782059841,2026-06-21T17:37:21+01:00,0,5233,32607,10,31.77
1782059843,2026-06-21T17:37:23+01:00,0,5233,32607,10,29.73
1782059845,2026-06-21T17:37:25+01:00,0,5233,32607,9,30.02
1782059847,2026-06-21T17:37:27+01:00,0,5233,32607,10,30.38
1782059849,2026-06-21T17:37:29+01:00,0,5233,32607,10,29.54
1782059851,2026-06-21T17:37:31+01:00,0,5233,32607,12,29.94
1782059853,2026-06-21T17:37:33+01:00,0,5233,32607,13,29.00
1782059855,2026-06-21T17:37:35+01:00,0,5233,32607,10,31.12
1782059857,2026-06-21T17:37:37+01:00,0,5233,32607,10,29.11
1782059860,2026-06-21T17:37:40+01:00,0,5233,32607,9,31.32
1782059862,2026-06-21T17:37:42+01:00,0,5233,32607,10,31.67
1782059864,2026-06-21T17:37:44+01:00,0,5233,32607,10,30.70
1782059866,2026-06-21T17:37:46+01:00,0,5233,32607,10,30.53
1782059868,2026-06-21T17:37:48+01:00,0,5233,32607,9,30.22
1782059870,2026-06-21T17:37:50+01:00,0,5233,32607,15,29.14
1782059872,2026-06-21T17:37:52+01:00,0,5233,32607,9,29.15
1782059874,2026-06-21T17:37:54+01:00,0,5233,32607,10,29.48
1782059876,2026-06-21T17:37:56+01:00,0,5233,32607,10,30.29
1782059879,2026-06-21T17:37:59+01:00,0,5233,32607,9,28.83
1782059881,2026-06-21T17:38:01+01:00,0,5233,32607,10,33.96
1782059883,2026-06-21T17:38:03+01:00,0,5233,32607,9,30.58
1782059885,2026-06-21T17:38:05+01:00,0,5233,32607,14,30.20
1782059887,2026-06-21T17:38:07+01:00,0,5233,32607,9,30.62
1782059889,2026-06-21T17:38:09+01:00,0,5233,32607,9,31.06
1782059891,2026-06-21T17:38:11+01:00,0,5233,32607,14,30.67
1782059893,2026-06-21T17:38:13+01:00,0,5233,32607,10,31.17
1782059896,2026-06-21T17:38:16+01:00,0,5233,32607,9,29.86
1782059898,2026-06-21T17:38:18+01:00,0,5233,32607,10,30.67
1782059900,2026-06-21T17:38:20+01:00,0,5233,32607,10,30.89
1782059902,2026-06-21T17:38:22+01:00,0,5233,32607,10,29.34
1782059904,2026-06-21T17:38:24+01:00,0,5233,32607,10,30.32
1782059906,2026-06-21T17:38:26+01:00,0,5233,32607,10,29.84
1782059908,2026-06-21T17:38:28+01:00,0,5233,32607,10,30.74
1782059910,2026-06-21T17:38:30+01:00,0,5233,32607,10,30.20
1782059912,2026-06-21T17:38:32+01:00,0,5233,32607,10,30.31
1782059915,2026-06-21T17:38:35+01:00,0,5233,32607,10,30.08
1782059917,2026-06-21T17:38:37+01:00,0,5233,32607,10,31.36
1782059919,2026-06-21T17:38:39+01:00,0,5233,32607,10,29.46
1782059921,2026-06-21T17:38:41+01:00,0,5233,32607,9,30.17
1782059923,2026-06-21T17:38:43+01:00,0,5233,32607,9,31.32
1782059925,2026-06-21T17:38:45+01:00,0,5233,32607,11,30.50
1782059927,2026-06-21T17:38:47+01:00,0,5233,32607,10,28.74
1782059929,2026-06-21T17:38:49+01:00,0,5233,32607,10,30.78
1782059931,2026-06-21T17:38:51+01:00,0,5233,32607,10,30.60
1782059934,2026-06-21T17:38:54+01:00,0,5233,32607,10,31.40
1782059936,2026-06-21T17:38:56+01:00,0,5233,32607,10,30.38
1782059938,2026-06-21T17:38:58+01:00,0,5233,32607,9,29.30
1782059940,2026-06-21T17:39:00+01:00,0,5233,32607,10,32.64
1782059942,2026-06-21T17:39:02+01:00,0,5233,32607,10,30.41
1782059944,2026-06-21T17:39:04+01:00,0,5233,32607,10,29.77
1782059946,2026-06-21T17:39:06+01:00,0,5233,32607,10,31.34
1782059948,2026-06-21T17:39:08+01:00,0,5233,32607,10,31.33
1782059951,2026-06-21T17:39:11+01:00,0,5233,32607,9,30.67
1782059953,2026-06-21T17:39:13+01:00,0,5233,32607,10,30.90
1782059955,2026-06-21T17:39:15+01:00,0,5233,32607,10,32.13
1782059957,2026-06-21T17:39:17+01:00,0,5233,32607,10,30.57
1782059959,2026-06-21T17:39:19+01:00,0,5233,32607,10,31.38
1782059961,2026-06-21T17:39:21+01:00,0,5233,32607,10,31.05
1782059963,2026-06-21T17:39:23+01:00,0,5233,32607,9,29.62
1782059965,2026-06-21T17:39:25+01:00,0,5233,32607,10,29.07
1782059968,2026-06-21T17:39:28+01:00,0,5233,32607,9,29.86
1782059970,2026-06-21T17:39:30+01:00,0,5233,32607,10,29.46
1782059972,2026-06-21T17:39:32+01:00,0,5233,32607,9,31.23
1782059975,2026-06-21T17:39:35+01:00,0,5233,32607,10,30.77
1782059977,2026-06-21T17:39:37+01:00,0,5233,32607,10,29.50
1782059979,2026-06-21T17:39:39+01:00,0,5233,32607,16,28.69
1782059981,2026-06-21T17:39:41+01:00,0,5233,32607,10,28.76
1782059983,2026-06-21T17:39:43+01:00,0,5233,32607,9,30.32
1782059985,2026-06-21T17:39:45+01:00,0,5233,32607,10,30.26
1782059987,2026-06-21T17:39:47+01:00,0,5233,32607,9,30.11
1782059990,2026-06-21T17:39:50+01:00,0,5233,32607,10,30.38
1782059992,2026-06-21T17:39:52+01:00,0,5233,32607,9,29.33
1782059994,2026-06-21T17:39:54+01:00,0,5233,32607,15,30.73
1782059996,2026-06-21T17:39:56+01:00,0,5233,32607,10,29.73
1782059998,2026-06-21T17:39:58+01:00,0,5233,32607,10,29.36
1782060000,2026-06-21T17:40:00+01:00,0,5233,32607,10,31.50
1782060002,2026-06-21T17:40:02+01:00,0,5233,32607,10,28.73
1782060004,2026-06-21T17:40:04+01:00,0,5233,32607,10,30.54
1782060006,2026-06-21T17:40:06+01:00,0,5233,32607,10,29.24
1782060009,2026-06-21T17:40:09+01:00,0,5233,32607,10,29.35
1782060011,2026-06-21T17:40:11+01:00,0,5233,32607,10,29.93
1782060013,2026-06-21T17:40:13+01:00,0,5233,32607,10,29.06
1782060015,2026-06-21T17:40:15+01:00,0,5233,32607,0,28.42
1782060017,2026-06-21T17:40:17+01:00,0,5233,32607,0,29.78
1782060019,2026-06-21T17:40:19+01:00,0,5493,32607,1,126.27
1782060021,2026-06-21T17:40:21+01:00,0,5529,32607,1,86.36
1782060024,2026-06-21T17:40:24+01:00,0,5529,32607,1,67.47
1782060026,2026-06-21T17:40:26+01:00,0,5529,32607,1,66.81
1782060028,2026-06-21T17:40:28+01:00,0,5529,32607,1,67.09
1782060030,2026-06-21T17:40:30+01:00,0,5529,32607,1,67.13
1782060032,2026-06-21T17:40:32+01:00,0,5529,32607,1,67.33
1782060034,2026-06-21T17:40:34+01:00,0,5529,32607,1,67.43
1782060036,2026-06-21T17:40:36+01:00,0,3564,32607,5,68.45
