2026/06/21 19:15:43.295, 3538 MiB
2026/06/21 19:15:44.350, 3538 MiB
2026/06/21 19:15:45.383, 4189 MiB
2026/06/21 19:15:46.404, 4441 MiB
2026/06/21 19:15:47.418, 4441 MiB
2026/06/21 19:15:48.432, 4441 MiB
2026/06/21 19:15:50.929, 6075 MiB
2026/06/21 19:15:51.945, 6273 MiB
2026/06/21 19:15:52.962, 6563 MiB
2026/06/21 19:15:55.343, 9813 MiB
2026/06/21 19:15:56.362, 9813 MiB
2026/06/21 19:15:57.377, 9813 MiB
2026/06/21 19:15:58.391, 8777 MiB
2026/06/21 19:15:59.405, 8863 MiB
2026/06/21 19:16:00.423, 8863 MiB
2026/06/21 19:16:01.438, 8863 MiB
2026/06/21 19:16:02.452, 8863 MiB
2026/06/21 19:16:03.467, 8863 MiB
2026/06/21 19:16:04.487, 8863 MiB
2026/06/21 19:16:05.502, 8863 MiB
2026/06/21 19:16:10.837, 8863 MiB
2026/06/21 19:16:11.856, 8863 MiB
2026/06/21 19:16:12.874, 8863 MiB
2026/06/21 19:16:13.892, 8863 MiB
2026/06/21 19:16:14.917, 8863 MiB
2026/06/21 19:16:15.935, 8863 MiB
2026/06/21 19:16:16.954, 8863 MiB
2026/06/21 19:16:17.972, 8863 MiB
2026/06/21 19:16:18.993, 8863 MiB
2026/06/21 19:16:20.012, 8863 MiB
2026/06/21 19:16:21.032, 8863 MiB
2026/06/21 19:16:22.057, 8863 MiB
2026/06/21 19:16:23.088, 8863 MiB
2026/06/21 19:16:24.119, 8863 MiB
2026/06/21 19:16:25.149, 8863 MiB
2026/06/21 19:16:26.176, 8863 MiB
2026/06/21 19:16:27.201, 8863 MiB
2026/06/21 19:16:28.229, 8863 MiB
2026/06/21 19:16:29.251, 8863 MiB
2026/06/21 19:16:30.272, 8863 MiB
2026/06/21 19:16:31.295, 8863 MiB
2026/06/21 19:16:32.315, 8863 MiB
2026/06/21 19:16:33.337, 8863 MiB
2026/06/21 19:16:34.363, 8863 MiB
2026/06/21 19:16:37.182, 8863 MiB
2026/06/21 19:16:38.206, 8863 MiB
2026/06/21 19:16:39.232, 8863 MiB
2026/06/21 19:16:40.255, 8863 MiB
2026/06/21 19:16:41.279, 8863 MiB
2026/06/21 19:16:42.308, 8863 MiB
2026/06/21 19:16:43.333, 8863 MiB
2026/06/21 19:16:44.352, 8863 MiB
2026/06/21 19:16:45.373, 8863 MiB
2026/06/21 19:16:48.244, 8863 MiB
2026/06/21 19:16:49.266, 8863 MiB
2026/06/21 19:16:50.289, 8863 MiB
2026/06/21 19:16:52.660, 8863 MiB
2026/06/21 19:16:53.679, 8863 MiB
2026/06/21 19:16:54.699, 8863 MiB
2026/06/21 19:16:55.718, 8863 MiB
2026/06/21 19:16:56.737, 8863 MiB
2026/06/21 19:16:57.755, 8863 MiB
2026/06/21 19:16:58.774, 8863 MiB
2026/06/21 19:16:59.796, 8863 MiB
2026/06/21 19:17:00.820, 8863 MiB
2026/06/21 19:17:06.513, 8863 MiB
2026/06/21 19:17:07.546, 8863 MiB
2026/06/21 19:17:08.742, 8863 MiB
2026/06/21 19:17:09.765, 8863 MiB
2026/06/21 19:17:10.795, 8863 MiB
2026/06/21 19:17:11.826, 8863 MiB
2026/06/21 19:17:12.865, 8863 MiB
2026/06/21 19:17:13.902, 8863 MiB
2026/06/21 19:17:14.928, 8863 MiB
2026/06/21 19:17:15.965, 8863 MiB
2026/06/21 19:17:16.998, 8863 MiB
2026/06/21 19:17:18.024, 8863 MiB
2026/06/21 19:17:19.050, 8863 MiB
2026/06/21 19:17:20.083, 8863 MiB
2026/06/21 19:17:21.110, 8863 MiB
2026/06/21 19:17:22.135, 8863 MiB
2026/06/21 19:17:23.164, 8863 MiB
2026/06/21 19:17:24.198, 8863 MiB
2026/06/21 19:17:25.239, 8863 MiB
2026/06/21 19:17:26.274, 9381 MiB
2026/06/21 19:17:27.309, 8863 MiB
2026/06/21 19:17:28.330, 8863 MiB
2026/06/21 19:17:29.360, 8863 MiB
2026/06/21 19:17:30.389, 9187 MiB
2026/06/21 19:17:33.684, 8863 MiB
2026/06/21 19:17:34.700, 8863 MiB
2026/06/21 19:17:35.716, 8863 MiB
2026/06/21 19:17:36.732, 8863 MiB
2026/06/21 19:17:37.750, 8863 MiB
2026/06/21 19:17:38.771, 8863 MiB
2026/06/21 19:17:39.789, 8863 MiB
2026/06/21 19:17:40.805, 8863 MiB
2026/06/21 19:17:41.824, 8863 MiB
2026/06/21 19:17:42.855, 8863 MiB
2026/06/21 19:17:43.892, 8863 MiB
2026/06/21 19:17:44.911, 8863 MiB
2026/06/21 19:17:45.926, 8863 MiB
2026/06/21 19:17:46.944, 8863 MiB
2026/06/21 19:17:47.963, 8863 MiB
2026/06/21 19:17:48.979, 8863 MiB
2026/06/21 19:17:49.995, 8863 MiB
2026/06/21 19:17:51.015, 8863 MiB
2026/06/21 19:17:52.034, 8863 MiB
2026/06/21 19:17:53.057, 8863 MiB
2026/06/21 19:17:54.083, 8863 MiB
2026/06/21 19:17:55.110, 8863 MiB
2026/06/21 19:17:56.133, 8863 MiB
2026/06/21 19:17:57.157, 8863 MiB
2026/06/21 19:17:58.187, 8863 MiB
2026/06/21 19:17:59.213, 8863 MiB
2026/06/21 19:18:00.237, 8863 MiB
2026/06/21 19:18:01.259, 8863 MiB
2026/06/21 19:18:02.281, 8863 MiB
2026/06/21 19:18:03.306, 8863 MiB
2026/06/21 19:18:04.329, 8863 MiB
2026/06/21 19:18:05.349, 8863 MiB
2026/06/21 19:18:06.376, 8863 MiB
2026/06/21 19:18:07.402, 8863 MiB
2026/06/21 19:18:08.426, 8863 MiB
2026/06/21 19:18:09.450, 8863 MiB
2026/06/21 19:18:10.479, 8863 MiB
2026/06/21 19:18:11.512, 8863 MiB
2026/06/21 19:18:12.535, 8863 MiB
2026/06/21 19:18:13.565, 8863 MiB
2026/06/21 19:18:14.592, 8863 MiB
2026/06/21 19:18:15.619, 8863 MiB
2026/06/21 19:18:16.644, 8863 MiB
2026/06/21 19:18:17.666, 8863 MiB
2026/06/21 19:18:18.688, 8863 MiB
2026/06/21 19:18:19.708, 8863 MiB
2026/06/21 19:18:20.727, 8863 MiB
2026/06/21 19:18:21.747, 8863 MiB
2026/06/21 19:18:24.559, 8863 MiB
2026/06/21 19:18:25.582, 8863 MiB
2026/06/21 19:18:26.607, 8863 MiB
2026/06/21 19:18:27.631, 8863 MiB
2026/06/21 19:18:28.656, 8863 MiB
2026/06/21 19:18:29.680, 8863 MiB
2026/06/21 19:18:30.706, 8863 MiB
2026/06/21 19:18:31.730, 8863 MiB
2026/06/21 19:18:32.756, 8863 MiB
2026/06/21 19:18:33.776, 8863 MiB
2026/06/21 19:18:34.797, 8863 MiB
2026/06/21 19:18:40.018, 8863 MiB
2026/06/21 19:18:41.038, 8863 MiB
2026/06/21 19:18:42.064, 8863 MiB
2026/06/21 19:18:43.087, 8863 MiB
2026/06/21 19:18:44.110, 8863 MiB
2026/06/21 19:18:45.138, 8863 MiB
2026/06/21 19:18:46.162, 8863 MiB
2026/06/21 19:18:47.184, 8863 MiB
2026/06/21 19:18:48.207, 8863 MiB
2026/06/21 19:18:49.233, 8863 MiB
2026/06/21 19:18:50.252, 8863 MiB
2026/06/21 19:18:51.270, 8863 MiB
2026/06/21 19:18:52.291, 8863 MiB
2026/06/21 19:18:53.311, 8863 MiB
2026/06/21 19:18:54.330, 8863 MiB
2026/06/21 19:18:55.351, 8863 MiB
2026/06/21 19:18:57.699, 8863 MiB
2026/06/21 19:18:59.915, 8863 MiB
2026/06/21 19:19:00.936, 8863 MiB
2026/06/21 19:19:01.956, 8863 MiB
2026/06/21 19:19:02.988, 8863 MiB
2026/06/21 19:19:04.015, 8863 MiB
2026/06/21 19:19:05.044, 8863 MiB
2026/06/21 19:19:06.080, 8863 MiB
2026/06/21 19:19:07.106, 8863 MiB
2026/06/21 19:19:08.128, 8863 MiB
2026/06/21 19:19:09.151, 8863 MiB
2026/06/21 19:19:10.176, 8863 MiB
2026/06/21 19:19:11.196, 8863 MiB
2026/06/21 19:19:16.418, 8863 MiB
2026/06/21 19:19:23.061, 8863 MiB
2026/06/21 19:19:24.090, 8863 MiB
2026/06/21 19:19:25.118, 8863 MiB
2026/06/21 19:19:26.138, 8863 MiB
2026/06/21 19:19:27.163, 8863 MiB
2026/06/21 19:19:28.187, 8863 MiB
2026/06/21 19:19:29.208, 8863 MiB
2026/06/21 19:19:30.235, 8863 MiB
2026/06/21 19:19:31.260, 8863 MiB
2026/06/21 19:19:32.287, 8863 MiB
2026/06/21 19:19:33.310, 8863 MiB
2026/06/21 19:19:34.336, 8863 MiB
2026/06/21 19:19:35.362, 8863 MiB
2026/06/21 19:19:36.383, 8863 MiB
2026/06/21 19:19:37.403, 8863 MiB
2026/06/21 19:19:38.425, 19467 MiB
2026/06/21 19:19:39.455, 19467 MiB
2026/06/21 19:19:40.477, 19467 MiB
2026/06/21 19:19:41.500, 19467 MiB
2026/06/21 19:19:42.518, 19531 MiB
2026/06/21 19:19:43.533, 19531 MiB
2026/06/21 19:19:44.552, 19467 MiB
2026/06/21 19:19:45.571, 19467 MiB
2026/06/21 19:19:46.592, 19467 MiB
2026/06/21 19:19:47.609, 19467 MiB
2026/06/21 19:19:48.627, 19467 MiB
2026/06/21 19:19:52.004, 19467 MiB
2026/06/21 19:19:53.027, 19467 MiB
2026/06/21 19:19:54.050, 19531 MiB
2026/06/21 19:20:00.823, 19467 MiB
2026/06/21 19:20:07.465, 19531 MiB
2026/06/21 19:20:08.488, 19531 MiB
2026/06/21 19:20:09.507, 19467 MiB
2026/06/21 19:20:14.111, 19467 MiB
2026/06/21 19:20:15.126, 19467 MiB
2026/06/21 19:20:16.142, 19467 MiB
2026/06/21 19:20:22.943, 19467 MiB
2026/06/21 19:20:23.959, 19467 MiB
2026/06/21 19:20:24.979, 19467 MiB
2026/06/21 19:20:29.769, 19531 MiB
2026/06/21 19:20:30.784, 19467 MiB
2026/06/21 19:20:31.801, 19467 MiB
2026/06/21 19:20:32.816, 19467 MiB
2026/06/21 19:20:33.836, 19467 MiB
2026/06/21 19:20:36.234, 19467 MiB
2026/06/21 19:20:37.249, 19467 MiB
2026/06/21 19:20:38.265, 19467 MiB
2026/06/21 19:20:40.633, 19467 MiB
2026/06/21 19:20:41.650, 19467 MiB
2026/06/21 19:20:42.667, 19467 MiB
2026/06/21 19:20:43.683, 19531 MiB
2026/06/21 19:20:44.702, 19531 MiB
2026/06/21 19:20:45.721, 19531 MiB
2026/06/21 19:20:46.746, 19467 MiB
2026/06/21 19:20:47.766, 19467 MiB
2026/06/21 19:20:48.790, 19467 MiB
2026/06/21 19:20:49.810, 19467 MiB
2026/06/21 19:20:50.832, 19531 MiB
2026/06/21 19:20:51.852, 19531 MiB
2026/06/21 19:20:52.874, 19531 MiB
2026/06/21 19:20:53.895, 19467 MiB
2026/06/21 19:21:01.743, 19467 MiB
2026/06/21 19:21:02.761, 19467 MiB
2026/06/21 19:21:03.781, 19467 MiB
2026/06/21 19:21:08.408, 19467 MiB
2026/06/21 19:21:09.425, 19531 MiB
2026/06/21 19:21:10.445, 19531 MiB
2026/06/21 19:21:15.036, 19467 MiB
2026/06/21 19:21:16.058, 19467 MiB
2026/06/21 19:21:17.081, 19467 MiB
2026/06/21 19:21:19.452, 19467 MiB
2026/06/21 19:21:20.471, 19467 MiB
2026/06/21 19:21:21.490, 19467 MiB
2026/06/21 19:21:22.517, 19467 MiB
2026/06/21 19:21:30.938, 19531 MiB
2026/06/21 19:21:31.957, 19531 MiB
2026/06/21 19:21:32.977, 19531 MiB
2026/06/21 19:21:33.994, 19531 MiB
2026/06/21 19:21:35.015, 19467 MiB
2026/06/21 19:21:36.036, 19467 MiB
2026/06/21 19:21:37.061, 19467 MiB
2026/06/21 19:21:38.082, 19467 MiB
2026/06/21 19:21:39.102, 19531 MiB
2026/06/21 19:21:40.123, 19531 MiB
2026/06/21 19:21:41.144, 19531 MiB
2026/06/21 19:21:42.165, 19467 MiB
2026/06/21 19:21:43.186, 19467 MiB
2026/06/21 19:21:44.209, 19467 MiB
2026/06/21 19:21:45.231, 19467 MiB
2026/06/21 19:21:46.250, 19531 MiB
2026/06/21 19:21:47.268, 19531 MiB
2026/06/21 19:21:48.289, 19467 MiB
2026/06/21 19:21:49.310, 19467 MiB
2026/06/21 19:21:50.328, 19467 MiB
2026/06/21 19:21:51.349, 19467 MiB
2026/06/21 19:21:52.369, 19467 MiB
2026/06/21 19:21:54.812, 19467 MiB
2026/06/21 19:21:55.827, 19467 MiB
2026/06/21 19:21:56.845, 19531 MiB
2026/06/21 19:21:57.865, 19467 MiB
2026/06/21 19:21:58.885, 19531 MiB
2026/06/21 19:21:59.905, 19467 MiB
2026/06/21 19:22:00.922, 19467 MiB
2026/06/21 19:22:01.941, 19467 MiB
2026/06/21 19:22:02.964, 19467 MiB
2026/06/21 19:22:03.981, 19531 MiB
2026/06/21 19:22:05.000, 19531 MiB
2026/06/21 19:22:06.082, 19467 MiB
2026/06/21 19:22:07.110, 19467 MiB
2026/06/21 19:22:08.128, 19467 MiB
2026/06/21 19:22:09.146, 19467 MiB
2026/06/21 19:22:10.169, 19531 MiB
2026/06/21 19:22:11.187, 19531 MiB
2026/06/21 19:22:12.209, 19531 MiB
2026/06/21 19:22:14.743, 19467 MiB
2026/06/21 19:22:15.760, 19531 MiB
2026/06/21 19:22:16.776, 19467 MiB
2026/06/21 19:22:17.791, 19467 MiB
2026/06/21 19:22:18.807, 19467 MiB
2026/06/21 19:22:21.384, 19467 MiB
2026/06/21 19:22:22.405, 19467 MiB
2026/06/21 19:22:23.427, 19467 MiB
2026/06/21 19:22:28.026, 19467 MiB
2026/06/21 19:22:34.629, 19467 MiB
2026/06/21 19:22:36.852, 20083 MiB
2026/06/21 19:22:37.869, 20147 MiB
2026/06/21 19:22:38.887, 20147 MiB
2026/06/21 19:22:39.910, 20147 MiB
2026/06/21 19:22:40.931, 20083 MiB
2026/06/21 19:22:41.951, 20083 MiB
2026/06/21 19:22:42.974, 20083 MiB
2026/06/21 19:22:44.003, 20083 MiB
2026/06/21 19:22:45.029, 20147 MiB
2026/06/21 19:22:46.048, 20083 MiB
2026/06/21 19:22:47.067, 20147 MiB
2026/06/21 19:22:48.085, 20083 MiB
2026/06/21 19:22:49.104, 20083 MiB
2026/06/21 19:22:54.561, 20083 MiB
2026/06/21 19:22:55.575, 20083 MiB
2026/06/21 19:22:56.594, 20147 MiB
2026/06/21 19:22:57.614, 20147 MiB
2026/06/21 19:22:58.635, 20147 MiB
2026/06/21 19:22:59.657, 20083 MiB
2026/06/21 19:23:00.677, 20083 MiB
2026/06/21 19:23:01.696, 20083 MiB
2026/06/21 19:23:02.714, 20187 MiB
2026/06/21 19:23:03.736, 20251 MiB
2026/06/21 19:23:04.757, 20251 MiB
2026/06/21 19:23:05.776, 20251 MiB
2026/06/21 19:23:06.797, 20187 MiB
2026/06/21 19:23:07.821, 20187 MiB
2026/06/21 19:23:08.837, 20187 MiB
2026/06/21 19:23:09.852, 20187 MiB
2026/06/21 19:23:10.866, 20251 MiB
2026/06/21 19:23:11.886, 20251 MiB
2026/06/21 19:23:12.907, 20251 MiB
2026/06/21 19:23:13.929, 20187 MiB
2026/06/21 19:23:14.950, 20187 MiB
2026/06/21 19:23:15.977, 20187 MiB
2026/06/21 19:23:18.465, 20187 MiB
2026/06/21 19:23:19.483, 20187 MiB
2026/06/21 19:23:20.506, 20187 MiB
2026/06/21 19:23:21.531, 20251 MiB
2026/06/21 19:23:22.550, 20251 MiB
2026/06/21 19:23:23.570, 20251 MiB
2026/06/21 19:23:24.591, 20187 MiB
2026/06/21 19:23:25.613, 20187 MiB
2026/06/21 19:23:26.638, 20187 MiB
2026/06/21 19:23:27.659, 20187 MiB
2026/06/21 19:23:28.679, 20251 MiB
2026/06/21 19:23:29.700, 20187 MiB
2026/06/21 19:23:30.718, 20251 MiB
2026/06/21 19:23:31.745, 20187 MiB
2026/06/21 19:23:32.761, 20187 MiB
2026/06/21 19:23:33.776, 20187 MiB
2026/06/21 19:23:34.791, 20187 MiB
2026/06/21 19:23:35.806, 20251 MiB
2026/06/21 19:23:38.382, 20251 MiB
2026/06/21 19:23:39.401, 20251 MiB
2026/06/21 19:23:40.419, 20187 MiB
2026/06/21 19:23:45.009, 20187 MiB
2026/06/21 19:23:46.024, 20187 MiB
2026/06/21 19:23:47.041, 20187 MiB
2026/06/21 19:23:48.058, 20187 MiB
2026/06/21 19:23:49.073, 20251 MiB
2026/06/21 19:23:50.090, 20251 MiB
2026/06/21 19:23:51.105, 20251 MiB
2026/06/21 19:23:52.122, 20187 MiB
2026/06/21 19:23:53.143, 20187 MiB
2026/06/21 19:23:54.162, 20187 MiB
2026/06/21 19:23:55.176, 20187 MiB
2026/06/21 19:23:56.191, 20251 MiB
2026/06/21 19:23:57.205, 20251 MiB
2026/06/21 19:23:58.219, 20251 MiB
2026/06/21 19:23:59.237, 20187 MiB
2026/06/21 19:24:06.517, 20187 MiB
2026/06/21 19:24:08.746, 20251 MiB
2026/06/21 19:24:09.762, 20187 MiB
2026/06/21 19:24:10.784, 20187 MiB
2026/06/21 19:24:11.802, 20187 MiB
2026/06/21 19:24:12.821, 20187 MiB
2026/06/21 19:24:13.842, 20187 MiB
2026/06/21 19:24:14.861, 20251 MiB
2026/06/21 19:24:15.883, 20251 MiB
2026/06/21 19:24:16.901, 20187 MiB
2026/06/21 19:24:17.922, 20187 MiB
2026/06/21 19:24:18.943, 20187 MiB
2026/06/21 19:24:19.961, 20187 MiB
2026/06/21 19:24:20.977, 20187 MiB
2026/06/21 19:24:25.838, 20187 MiB
2026/06/21 19:24:26.855, 20187 MiB
2026/06/21 19:24:27.876, 20187 MiB
2026/06/21 19:24:28.897, 20187 MiB
2026/06/21 19:24:29.915, 20251 MiB
2026/06/21 19:24:30.933, 20251 MiB
2026/06/21 19:24:31.952, 20251 MiB
2026/06/21 19:24:32.973, 20187 MiB
2026/06/21 19:24:33.996, 20187 MiB
2026/06/21 19:24:35.019, 20187 MiB
2026/06/21 19:24:36.049, 20187 MiB
2026/06/21 19:24:37.071, 20251 MiB
2026/06/21 19:24:38.093, 20187 MiB
2026/06/21 19:24:39.115, 20251 MiB
2026/06/21 19:24:40.138, 20187 MiB
2026/06/21 19:24:41.159, 20187 MiB
2026/06/21 19:24:42.181, 20187 MiB
2026/06/21 19:24:43.201, 20187 MiB
2026/06/21 19:24:44.228, 20187 MiB
2026/06/21 19:24:45.255, 20251 MiB
2026/06/21 19:24:46.277, 20251 MiB
2026/06/21 19:24:47.299, 20187 MiB
2026/06/21 19:24:48.321, 20187 MiB
2026/06/21 19:24:49.341, 20187 MiB
2026/06/21 19:24:50.361, 20187 MiB
2026/06/21 19:24:51.379, 20251 MiB
2026/06/21 19:24:52.396, 20251 MiB
2026/06/21 19:24:53.413, 20187 MiB
2026/06/21 19:24:54.437, 20187 MiB
2026/06/21 19:24:55.463, 20187 MiB
2026/06/21 19:24:56.482, 20187 MiB
2026/06/21 19:24:57.498, 20187 MiB
2026/06/21 19:24:58.518, 20251 MiB
2026/06/21 19:24:59.539, 20251 MiB
2026/06/21 19:25:00.555, 20251 MiB
2026/06/21 19:25:01.572, 20187 MiB
2026/06/21 19:25:02.593, 20187 MiB
2026/06/21 19:25:03.609, 20187 MiB
2026/06/21 19:25:04.633, 20187 MiB
2026/06/21 19:25:05.651, 20187 MiB
2026/06/21 19:25:06.674, 20251 MiB
2026/06/21 19:25:07.697, 20187 MiB
2026/06/21 19:25:08.720, 20187 MiB
2026/06/21 19:25:09.743, 20187 MiB
2026/06/21 19:25:10.761, 20187 MiB
2026/06/21 19:25:11.783, 20187 MiB
2026/06/21 19:25:12.805, 20251 MiB
2026/06/21 19:25:13.824, 20251 MiB
2026/06/21 19:25:14.844, 20251 MiB
2026/06/21 19:25:15.866, 20187 MiB
2026/06/21 19:25:16.890, 20187 MiB
2026/06/21 19:25:17.905, 20187 MiB
2026/06/21 19:25:18.919, 20187 MiB
2026/06/21 19:25:19.934, 20187 MiB
2026/06/21 19:25:20.950, 20187 MiB
2026/06/21 19:25:21.964, 20187 MiB
2026/06/21 19:25:24.143, 20187 MiB
2026/06/21 19:25:25.161, 8871 MiB
2026/06/21 19:25:26.178, 9483 MiB
2026/06/21 19:25:30.780, 9995 MiB
2026/06/21 19:25:37.404, 9995 MiB
2026/06/21 19:25:38.425, 9995 MiB
2026/06/21 19:25:39.444, 9995 MiB
2026/06/21 19:25:40.461, 10103 MiB
2026/06/21 19:25:41.481, 10039 MiB
2026/06/21 19:25:42.499, 10039 MiB
2026/06/21 19:25:43.517, 10995 MiB
2026/06/21 19:25:46.239, 10299 MiB
2026/06/21 19:25:47.259, 10299 MiB
2026/06/21 19:25:48.279, 10301 MiB
2026/06/21 19:25:49.296, 11807 MiB
2026/06/21 19:25:50.311, 11807 MiB
2026/06/21 19:25:55.106, 10041 MiB
2026/06/21 19:25:56.123, 9239 MiB
2026/06/21 19:25:57.141, 9447 MiB
2026/06/21 19:25:58.161, 9239 MiB
2026/06/21 19:25:59.179, 9239 MiB
2026/06/21 19:26:00.194, 7465 MiB
2026/06/21 19:26:01.214, 7465 MiB
2026/06/21 19:26:02.229, 7465 MiB
2026/06/21 19:26:03.244, 5219 MiB
2026/06/21 19:26:04.258, 5027 MiB
