valid_time_utc,lead_hour,variable,status,n,rmse,bias,mae,p95_abs,p99_abs,max_abs,corr,finite_fraction,cpu_shape,gpu_shape,reason,cpu_file,gpu_file
2026-04-29T20:00:00+00:00,2,T2,OK,8344,0.8648210714026897,0.1102264930966488,0.3961557770506876,1.9694122314453124,4.257627868652337,5.37200927734375,0.8941354124316241,1.0,"[56, 149]","[56, 149]",,/mnt/data/canairy_meteo/runs/wrf_l2_backfill_output/20260429_18z_l2_72h_20260524T204451Z/wrfout_d02_2026-04-29_20:00:00,/tmp/v0120_powered_tost_runs/l2_d02_20260429_18z_l2_72h_20260524T204451Z/wrfout_d02_2026-04-29_20:00:00
2026-04-29T20:00:00+00:00,2,U10,OK,8344,1.9737840507673954,0.5976581074842028,1.5441766999767994,3.7293350502848606,6.0959171807765955,13.838939800858498,0.429033040972283,1.0,"[56, 149]","[56, 149]",,/mnt/data/canairy_meteo/runs/wrf_l2_backfill_output/20260429_18z_l2_72h_20260524T204451Z/wrfout_d02_2026-04-29_20:00:00,/tmp/v0120_powered_tost_runs/l2_d02_20260429_18z_l2_72h_20260524T204451Z/wrfout_d02_2026-04-29_20:00:00
2026-04-29T20:00:00+00:00,2,V10,OK,8344,5.999275908129484,-5.729777807775859,5.741328734574793,8.045980351418256,9.242420647144318,11.229026079177856,0.5457753983970687,1.0,"[56, 149]","[56, 149]",,/mnt/data/canairy_meteo/runs/wrf_l2_backfill_output/20260429_18z_l2_72h_20260524T204451Z/wrfout_d02_2026-04-29_20:00:00,/tmp/v0120_powered_tost_runs/l2_d02_20260429_18z_l2_72h_20260524T204451Z/wrfout_d02_2026-04-29_20:00:00
2026-04-29T20:00:00+00:00,2,PSFC,OK,8344,198.18041433289784,-68.6066765789789,155.30721176893576,435.015234375,525.8771093749999,591.4609375,0.9973170630440847,1.0,"[56, 149]","[56, 149]",,/mnt/data/canairy_meteo/runs/wrf_l2_backfill_output/20260429_18z_l2_72h_20260524T204451Z/wrfout_d02_2026-04-29_20:00:00,/tmp/v0120_powered_tost_runs/l2_d02_20260429_18z_l2_72h_20260524T204451Z/wrfout_d02_2026-04-29_20:00:00
2026-04-29T20:00:00+00:00,2,RAINNC,OK,8344,0.0,0.0,0.0,0.0,0.0,0.0,,1.0,"[56, 149]","[56, 149]",,/mnt/data/canairy_meteo/runs/wrf_l2_backfill_output/20260429_18z_l2_72h_20260524T204451Z/wrfout_d02_2026-04-29_20:00:00,/tmp/v0120_powered_tost_runs/l2_d02_20260429_18z_l2_72h_20260524T204451Z/wrfout_d02_2026-04-29_20:00:00
2026-04-29T20:00:00+00:00,2,T,OK,367136,1.2979377483361847,0.3544469433716906,0.8882431906227412,3.057708740234375,3.9138748168945376,6.597381591796875,0.9998505454703468,1.0,"[44, 56, 149]","[44, 56, 149]",,/mnt/data/canairy_meteo/runs/wrf_l2_backfill_output/20260429_18z_l2_72h_20260524T204451Z/wrfout_d02_2026-04-29_20:00:00,/tmp/v0120_powered_tost_runs/l2_d02_20260429_18z_l2_72h_20260524T204451Z/wrfout_d02_2026-04-29_20:00:00
2026-04-29T20:00:00+00:00,2,U,OK,369600,1.8806700134067174,0.5673938341934054,1.3793194765703352,3.8794331073760975,6.262719786167145,18.652940154075623,0.9770560509785025,1.0,"[44, 56, 150]","[44, 56, 150]",,/mnt/data/canairy_meteo/runs/wrf_l2_backfill_output/20260429_18z_l2_72h_20260524T204451Z/wrfout_d02_2026-04-29_20:00:00,/tmp/v0120_powered_tost_runs/l2_d02_20260429_18z_l2_72h_20260524T204451Z/wrfout_d02_2026-04-29_20:00:00
2026-04-29T20:00:00+00:00,2,V,OK,373692,9.293203914275722,-8.992904850035158,8.994886867791969,13.038770660758018,14.607615594863894,17.49540239572525,0.8703130041077108,1.0,"[44, 57, 149]","[44, 57, 149]",,/mnt/data/canairy_meteo/runs/wrf_l2_backfill_output/20260429_18z_l2_72h_20260524T204451Z/wrfout_d02_2026-04-29_20:00:00,/tmp/v0120_powered_tost_runs/l2_d02_20260429_18z_l2_72h_20260524T204451Z/wrfout_d02_2026-04-29_20:00:00
2026-04-29T20:00:00+00:00,2,W,OK,375480,0.09739624709982186,-0.001590251711497387,0.046649468239496505,0.12210758971050381,0.2857379513978958,5.051010586321354,0.3624191664955774,1.0,"[45, 56, 149]","[45, 56, 149]",,/mnt/data/canairy_meteo/runs/wrf_l2_backfill_output/20260429_18z_l2_72h_20260524T204451Z/wrfout_d02_2026-04-29_20:00:00,/tmp/v0120_powered_tost_runs/l2_d02_20260429_18z_l2_72h_20260524T204451Z/wrfout_d02_2026-04-29_20:00:00
2026-04-29T21:00:00+00:00,3,T2,OK,8344,1.0072642452177547,0.20925010176427297,0.4438350820129921,2.585794067382811,4.875894470214839,5.86907958984375,0.8624022153727559,1.0,"[56, 149]","[56, 149]",,/mnt/data/canairy_meteo/runs/wrf_l2_backfill_output/20260429_18z_l2_72h_20260524T204451Z/wrfout_d02_2026-04-29_21:00:00,/tmp/v0120_powered_tost_runs/l2_d02_20260429_18z_l2_72h_20260524T204451Z/wrfout_d02_2026-04-29_21:00:00
2026-04-29T21:00:00+00:00,3,U10,OK,8344,2.148192421957451,0.24545097410578368,1.6112281369924708,4.502095901314164,6.8597827339172355,9.126770973205566,0.3806809180224583,1.0,"[56, 149]","[56, 149]",,/mnt/data/canairy_meteo/runs/wrf_l2_backfill_output/20260429_18z_l2_72h_20260524T204451Z/wrfout_d02_2026-04-29_21:00:00,/tmp/v0120_powered_tost_runs/l2_d02_20260429_18z_l2_72h_20260524T204451Z/wrfout_d02_2026-04-29_21:00:00
2026-04-29T21:00:00+00:00,3,V10,OK,8344,3.4141886950772,0.8231731304467174,2.9177841708489605,5.960732962191105,6.798359541892992,12.212340384721756,0.7195721709070928,1.0,"[56, 149]","[56, 149]",,/mnt/data/canairy_meteo/runs/wrf_l2_backfill_output/20260429_18z_l2_72h_20260524T204451Z/wrfout_d02_2026-04-29_21:00:00,/tmp/v0120_powered_tost_runs/l2_d02_20260429_18z_l2_72h_20260524T204451Z/wrfout_d02_2026-04-29_21:00:00
2026-04-29T21:00:00+00:00,3,PSFC,OK,8344,228.88726763978943,126.34240266209252,193.62115086439357,418.9882812499999,476.631640625,511.328125,0.9971775104341796,1.0,"[56, 149]","[56, 149]",,/mnt/data/canairy_meteo/runs/wrf_l2_backfill_output/20260429_18z_l2_72h_20260524T204451Z/wrfout_d02_2026-04-29_21:00:00,/tmp/v0120_powered_tost_runs/l2_d02_20260429_18z_l2_72h_20260524T204451Z/wrfout_d02_2026-04-29_21:00:00
2026-04-29T21:00:00+00:00,3,RAINNC,OK,8344,0.00045767809607957143,1.5011296821243576e-05,1.5011296821243576e-05,0.0,0.0,0.027475394308567047,,1.0,"[56, 149]","[56, 149]",,/mnt/data/canairy_meteo/runs/wrf_l2_backfill_output/20260429_18z_l2_72h_20260524T204451Z/wrfout_d02_2026-04-29_21:00:00,/tmp/v0120_powered_tost_runs/l2_d02_20260429_18z_l2_72h_20260524T204451Z/wrfout_d02_2026-04-29_21:00:00
2026-04-29T21:00:00+00:00,3,T,OK,367136,1.941837267121339,-0.2720530687084612,1.4239693840909293,4.092475891113281,5.410121154785177,8.828643798828125,0.9995288171190883,1.0,"[44, 56, 149]","[44, 56, 149]",,/mnt/data/canairy_meteo/runs/wrf_l2_backfill_output/20260429_18z_l2_72h_20260524T204451Z/wrfout_d02_2026-04-29_21:00:00,/tmp/v0120_powered_tost_runs/l2_d02_20260429_18z_l2_72h_20260524T204451Z/wrfout_d02_2026-04-29_21:00:00
2026-04-29T21:00:00+00:00,3,U,OK,369600,3.082609890659678,0.8932421926057184,2.288915118787487,6.177907419204712,10.454594516754154,16.71549701690674,0.9459261117441856,1.0,"[44, 56, 150]","[44, 56, 150]",,/mnt/data/canairy_meteo/runs/wrf_l2_backfill_output/20260429_18z_l2_72h_20260524T204451Z/wrfout_d02_2026-04-29_21:00:00,/tmp/v0120_powered_tost_runs/l2_d02_20260429_18z_l2_72h_20260524T204451Z/wrfout_d02_2026-04-29_21:00:00
2026-04-29T21:00:00+00:00,3,V,OK,373692,10.107730275367786,-6.431726744290959,7.7102677064738625,20.329389393329624,24.06028022289277,39.002952575683594,-0.055908201662655053,1.0,"[44, 57, 149]","[44, 57, 149]",,/mnt/data/canairy_meteo/runs/wrf_l2_backfill_output/20260429_18z_l2_72h_20260524T204451Z/wrfout_d02_2026-04-29_21:00:00,/tmp/v0120_powered_tost_runs/l2_d02_20260429_18z_l2_72h_20260524T204451Z/wrfout_d02_2026-04-29_21:00:00
2026-04-29T21:00:00+00:00,3,W,OK,375480,0.145292306809786,-0.015049332196769148,0.09793124547415395,0.27279414923395956,0.4657054207846526,2.2832740247249603,0.22614068278143107,1.0,"[45, 56, 149]","[45, 56, 149]",,/mnt/data/canairy_meteo/runs/wrf_l2_backfill_output/20260429_18z_l2_72h_20260524T204451Z/wrfout_d02_2026-04-29_21:00:00,/tmp/v0120_powered_tost_runs/l2_d02_20260429_18z_l2_72h_20260524T204451Z/wrfout_d02_2026-04-29_21:00:00
2026-04-29T22:00:00+00:00,4,T2,OK,8344,1.150618568547989,0.34477738246021655,0.4557051800355701,2.9993194580078124,5.627693481445309,6.9896240234375,0.8358578695087356,1.0,"[56, 149]","[56, 149]",,/mnt/data/canairy_meteo/runs/wrf_l2_backfill_output/20260429_18z_l2_72h_20260524T204451Z/wrfout_d02_2026-04-29_22:00:00,/tmp/v0120_powered_tost_runs/l2_d02_20260429_18z_l2_72h_20260524T204451Z/wrfout_d02_2026-04-29_22:00:00
2026-04-29T22:00:00+00:00,4,U10,OK,8344,2.044873179701491,-0.013995829527436538,1.4068288201021582,3.951668286323546,7.114237509965884,17.816505193710327,0.37664780941989645,1.0,"[56, 149]","[56, 149]",,/mnt/data/canairy_meteo/runs/wrf_l2_backfill_output/20260429_18z_l2_72h_20260524T204451Z/wrfout_d02_2026-04-29_22:00:00,/tmp/v0120_powered_tost_runs/l2_d02_20260429_18z_l2_72h_20260524T204451Z/wrfout_d02_2026-04-29_22:00:00
2026-04-29T22:00:00+00:00,4,V10,OK,8344,6.010102346994333,5.497441087769675,5.636445360509065,8.66697740405798,11.153781844377503,17.51229740679264,0.20846554256086094,1.0,"[56, 149]","[56, 149]",,/mnt/data/canairy_meteo/runs/wrf_l2_backfill_output/20260429_18z_l2_72h_20260524T204451Z/wrfout_d02_2026-04-29_22:00:00,/tmp/v0120_powered_tost_runs/l2_d02_20260429_18z_l2_72h_20260524T204451Z/wrfout_d02_2026-04-29_22:00:00
2026-04-29T22:00:00+00:00,4,PSFC,OK,8344,198.14027833106343,141.26395182915869,154.2227470712488,406.07382812499986,538.5440624999999,642.125,0.9985326069565923,1.0,"[56, 149]","[56, 149]",,/mnt/data/canairy_meteo/runs/wrf_l2_backfill_output/20260429_18z_l2_72h_20260524T204451Z/wrfout_d02_2026-04-29_22:00:00,/tmp/v0120_powered_tost_runs/l2_d02_20260429_18z_l2_72h_20260524T204451Z/wrfout_d02_2026-04-29_22:00:00
2026-04-29T22:00:00+00:00,4,RAINNC,OK,8344,0.0029740064827234597,7.194740670113972e-05,7.194740670113972e-05,0.0,0.0,0.23327791690826416,,1.0,"[56, 149]","[56, 149]",,/mnt/data/canairy_meteo/runs/wrf_l2_backfill_output/20260429_18z_l2_72h_20260524T204451Z/wrfout_d02_2026-04-29_22:00:00,/tmp/v0120_powered_tost_runs/l2_d02_20260429_18z_l2_72h_20260524T204451Z/wrfout_d02_2026-04-29_22:00:00
2026-04-29T22:00:00+00:00,4,T,OK,367136,3.1984172101137567,-0.40681356150592973,2.4018367027369827,6.6365966796875,8.110339355468753,9.87115478515625,0.9987592997176821,1.0,"[44, 56, 149]","[44, 56, 149]",,/mnt/data/canairy_meteo/runs/wrf_l2_backfill_output/20260429_18z_l2_72h_20260524T204451Z/wrfout_d02_2026-04-29_22:00:00,/tmp/v0120_powered_tost_runs/l2_d02_20260429_18z_l2_72h_20260524T204451Z/wrfout_d02_2026-04-29_22:00:00
2026-04-29T22:00:00+00:00,4,U,OK,369600,3.403879807484432,0.7253906548514576,2.411872585350207,6.949991798400878,11.69936981201173,22.538740158081055,0.9336567164492606,1.0,"[44, 56, 150]","[44, 56, 150]",,/mnt/data/canairy_meteo/runs/wrf_l2_backfill_output/20260429_18z_l2_72h_20260524T204451Z/wrfout_d02_2026-04-29_22:00:00,/tmp/v0120_powered_tost_runs/l2_d02_20260429_18z_l2_72h_20260524T204451Z/wrfout_d02_2026-04-29_22:00:00
2026-04-29T22:00:00+00:00,4,V,OK,373692,10.310284994360522,-3.5252061519786215,7.5560036595217746,23.320570278167743,28.713064374923754,38.73639917373657,-0.20273901266059333,1.0,"[44, 57, 149]","[44, 57, 149]",,/mnt/data/canairy_meteo/runs/wrf_l2_backfill_output/20260429_18z_l2_72h_20260524T204451Z/wrfout_d02_2026-04-29_22:00:00,/tmp/v0120_powered_tost_runs/l2_d02_20260429_18z_l2_72h_20260524T204451Z/wrfout_d02_2026-04-29_22:00:00
2026-04-29T22:00:00+00:00,4,W,OK,375480,0.1509661504411755,-0.0197468258187193,0.09988294470961474,0.29030235335230825,0.4267799407802527,3.796334907412529,0.19681915580634735,1.0,"[45, 56, 149]","[45, 56, 149]",,/mnt/data/canairy_meteo/runs/wrf_l2_backfill_output/20260429_18z_l2_72h_20260524T204451Z/wrfout_d02_2026-04-29_22:00:00,/tmp/v0120_powered_tost_runs/l2_d02_20260429_18z_l2_72h_20260524T204451Z/wrfout_d02_2026-04-29_22:00:00
2026-04-29T23:00:00+00:00,5,T2,OK,8344,1.2525551405275095,0.5123476630089266,0.5448370994794631,3.4529983520507805,5.840255432128906,7.1270751953125,0.8599288478044724,1.0,"[56, 149]","[56, 149]",,/mnt/data/canairy_meteo/runs/wrf_l2_backfill_output/20260429_18z_l2_72h_20260524T204451Z/wrfout_d02_2026-04-29_23:00:00,/tmp/v0120_powered_tost_runs/l2_d02_20260429_18z_l2_72h_20260524T204451Z/wrfout_d02_2026-04-29_23:00:00
2026-04-29T23:00:00+00:00,5,U10,OK,8344,2.6676322145824907,-1.6849830842118207,2.1854858621616557,4.896852362155913,6.818870337009424,12.451808333396912,0.4762709132227331,1.0,"[56, 149]","[56, 149]",,/mnt/data/canairy_meteo/runs/wrf_l2_backfill_output/20260429_18z_l2_72h_20260524T204451Z/wrfout_d02_2026-04-29_23:00:00,/tmp/v0120_powered_tost_runs/l2_d02_20260429_18z_l2_72h_20260524T204451Z/wrfout_d02_2026-04-29_23:00:00
2026-04-29T23:00:00+00:00,5,V10,OK,8344,3.728074113252879,3.0688142082041168,3.3707746839197834,5.786903065443038,7.387593007087707,10.440560817718506,0.09492098738019494,1.0,"[56, 149]","[56, 149]",,/mnt/data/canairy_meteo/runs/wrf_l2_backfill_output/20260429_18z_l2_72h_20260524T204451Z/wrfout_d02_2026-04-29_23:00:00,/tmp/v0120_powered_tost_runs/l2_d02_20260429_18z_l2_72h_20260524T204451Z/wrfout_d02_2026-04-29_23:00:00
2026-04-29T23:00:00+00:00,5,PSFC,OK,8344,285.6456583102391,250.1849364063998,250.19217027205178,491.19374999999997,606.422890625,674.265625,0.9985386161437886,1.0,"[56, 149]","[56, 149]",,/mnt/data/canairy_meteo/runs/wrf_l2_backfill_output/20260429_18z_l2_72h_20260524T204451Z/wrfout_d02_2026-04-29_23:00:00,/tmp/v0120_powered_tost_runs/l2_d02_20260429_18z_l2_72h_20260524T204451Z/wrfout_d02_2026-04-29_23:00:00
2026-04-29T23:00:00+00:00,5,RAINNC,OK,8344,0.0029742316443746807,7.216018446858137e-05,7.216018446858137e-05,0.0,0.0,0.23327898979187012,,1.0,"[56, 149]","[56, 149]",,/mnt/data/canairy_meteo/runs/wrf_l2_backfill_output/20260429_18z_l2_72h_20260524T204451Z/wrfout_d02_2026-04-29_23:00:00,/tmp/v0120_powered_tost_runs/l2_d02_20260429_18z_l2_72h_20260524T204451Z/wrfout_d02_2026-04-29_23:00:00
2026-04-29T23:00:00+00:00,5,T,OK,367136,5.056836221255398,-0.8687805281181671,3.913359470379069,10.274299621582031,13.12705841064454,17.9476318359375,0.9971776329994807,1.0,"[44, 56, 149]","[44, 56, 149]",,/mnt/data/canairy_meteo/runs/wrf_l2_backfill_output/20260429_18z_l2_72h_20260524T204451Z/wrfout_d02_2026-04-29_23:00:00,/tmp/v0120_powered_tost_runs/l2_d02_20260429_18z_l2_72h_20260524T204451Z/wrfout_d02_2026-04-29_23:00:00
2026-04-29T23:00:00+00:00,5,U,OK,369600,3.809612397219971,0.18993285523725387,2.785408366093842,8.548183059692382,12.39663356781006,15.548319220542908,0.9342873322780022,1.0,"[44, 56, 150]","[44, 56, 150]",,/mnt/data/canairy_meteo/runs/wrf_l2_backfill_output/20260429_18z_l2_72h_20260524T204451Z/wrfout_d02_2026-04-29_23:00:00,/tmp/v0120_powered_tost_runs/l2_d02_20260429_18z_l2_72h_20260524T204451Z/wrfout_d02_2026-04-29_23:00:00
2026-04-29T23:00:00+00:00,5,V,OK,373692,7.120336768499038,-1.7748674450330149,5.172743687714542,16.500434350967407,22.353974708318724,30.040152549743652,-0.0423706247406385,1.0,"[44, 57, 149]","[44, 57, 149]",,/mnt/data/canairy_meteo/runs/wrf_l2_backfill_output/20260429_18z_l2_72h_20260524T204451Z/wrfout_d02_2026-04-29_23:00:00,/tmp/v0120_powered_tost_runs/l2_d02_20260429_18z_l2_72h_20260524T204451Z/wrfout_d02_2026-04-29_23:00:00
2026-04-29T23:00:00+00:00,5,W,OK,375480,0.12700101570263225,-0.022399490129422016,0.08841136484669988,0.27020657900720835,0.41807202354073525,1.3405998349189758,0.14943857182159465,1.0,"[45, 56, 149]","[45, 56, 149]",,/mnt/data/canairy_meteo/runs/wrf_l2_backfill_output/20260429_18z_l2_72h_20260524T204451Z/wrfout_d02_2026-04-29_23:00:00,/tmp/v0120_powered_tost_runs/l2_d02_20260429_18z_l2_72h_20260524T204451Z/wrfout_d02_2026-04-29_23:00:00
2026-04-30T00:00:00+00:00,6,T2,OK,8344,1.2806824682030584,0.5149466166217398,0.5325804735075822,3.33595275878906,6.353977050781242,7.331298828125,0.855873968255238,1.0,"[56, 149]","[56, 149]",,/mnt/data/canairy_meteo/runs/wrf_l2_backfill_output/20260429_18z_l2_72h_20260524T204451Z/wrfout_d02_2026-04-30_00:00:00,/tmp/v0120_powered_tost_runs/l2_d02_20260429_18z_l2_72h_20260524T204451Z/wrfout_d02_2026-04-30_00:00:00
2026-04-30T00:00:00+00:00,6,U10,OK,8344,3.152797965278062,-2.5287238116509743,2.721951563921544,5.646944576501847,7.131532303094861,8.641205549240112,0.530543497027409,1.0,"[56, 149]","[56, 149]",,/mnt/data/canairy_meteo/runs/wrf_l2_backfill_output/20260429_18z_l2_72h_20260524T204451Z/wrfout_d02_2026-04-30_00:00:00,/tmp/v0120_powered_tost_runs/l2_d02_20260429_18z_l2_72h_20260524T204451Z/wrfout_d02_2026-04-30_00:00:00
2026-04-30T00:00:00+00:00,6,V10,OK,8344,2.428259011094203,1.277832365550259,1.9281550517531385,4.867215049266812,7.125095419883723,9.770501136779785,0.3713904023948665,1.0,"[56, 149]","[56, 149]",,/mnt/data/canairy_meteo/runs/wrf_l2_backfill_output/20260429_18z_l2_72h_20260524T204451Z/wrfout_d02_2026-04-30_00:00:00,/tmp/v0120_powered_tost_runs/l2_d02_20260429_18z_l2_72h_20260524T204451Z/wrfout_d02_2026-04-30_00:00:00
2026-04-30T00:00:00+00:00,6,PSFC,OK,8344,199.51698817952524,186.3554191260187,186.3554191260187,315.11484375,348.29398437499987,366.8515625,0.9996073784211795,1.0,"[56, 149]","[56, 149]",,/mnt/data/canairy_meteo/runs/wrf_l2_backfill_output/20260429_18z_l2_72h_20260524T204451Z/wrfout_d02_2026-04-30_00:00:00,/tmp/v0120_powered_tost_runs/l2_d02_20260429_18z_l2_72h_20260524T204451Z/wrfout_d02_2026-04-30_00:00:00
2026-04-30T00:00:00+00:00,6,RAINNC,OK,8344,0.0029742316443746807,7.216018446858137e-05,7.216018446858137e-05,0.0,0.0,0.23327898979187012,,1.0,"[56, 149]","[56, 149]",,/mnt/data/canairy_meteo/runs/wrf_l2_backfill_output/20260429_18z_l2_72h_20260524T204451Z/wrfout_d02_2026-04-30_00:00:00,/tmp/v0120_powered_tost_runs/l2_d02_20260429_18z_l2_72h_20260524T204451Z/wrfout_d02_2026-04-30_00:00:00
2026-04-30T00:00:00+00:00,6,T,OK,367136,6.137945720917909,-0.7877356230739851,4.744501739976754,13.097152709960938,15.95487823486329,18.39776611328125,0.9956338644301995,1.0,"[44, 56, 149]","[44, 56, 149]",,/mnt/data/canairy_meteo/runs/wrf_l2_backfill_output/20260429_18z_l2_72h_20260524T204451Z/wrfout_d02_2026-04-30_00:00:00,/tmp/v0120_powered_tost_runs/l2_d02_20260429_18z_l2_72h_20260524T204451Z/wrfout_d02_2026-04-30_00:00:00
2026-04-30T00:00:00+00:00,6,U,OK,369600,3.9066865161756485,-0.18975089002438167,2.9729556868390867,7.956160336732863,12.775651011466987,19.48879337310791,0.9423459372521953,1.0,"[44, 56, 150]","[44, 56, 150]",,/mnt/data/canairy_meteo/runs/wrf_l2_backfill_output/20260429_18z_l2_72h_20260524T204451Z/wrfout_d02_2026-04-30_00:00:00,/tmp/v0120_powered_tost_runs/l2_d02_20260429_18z_l2_72h_20260524T204451Z/wrfout_d02_2026-04-30_00:00:00
2026-04-30T00:00:00+00:00,6,V,OK,373692,6.2147501101515426,-0.1296019266129197,4.490998864456598,13.567565035820012,21.488263854980474,26.945651054382324,-0.05067614747548992,1.0,"[44, 57, 149]","[44, 57, 149]",,/mnt/data/canairy_meteo/runs/wrf_l2_backfill_output/20260429_18z_l2_72h_20260524T204451Z/wrfout_d02_2026-04-30_00:00:00,/tmp/v0120_powered_tost_runs/l2_d02_20260429_18z_l2_72h_20260524T204451Z/wrfout_d02_2026-04-30_00:00:00
2026-04-30T00:00:00+00:00,6,W,OK,375480,0.09667566397757046,-0.019416207906040796,0.06628854665908537,0.20545318545773625,0.31377916132565625,1.3063628673553467,0.16901915393147968,1.0,"[45, 56, 149]","[45, 56, 149]",,/mnt/data/canairy_meteo/runs/wrf_l2_backfill_output/20260429_18z_l2_72h_20260524T204451Z/wrfout_d02_2026-04-30_00:00:00,/tmp/v0120_powered_tost_runs/l2_d02_20260429_18z_l2_72h_20260524T204451Z/wrfout_d02_2026-04-30_00:00:00
2026-04-30T01:00:00+00:00,7,T2,OK,8344,1.3914606474197313,0.5700885337471162,0.5939680851088731,3.5361709594726554,6.66886474609375,7.48345947265625,0.831694411160072,1.0,"[56, 149]","[56, 149]",,/mnt/data/canairy_meteo/runs/wrf_l2_backfill_output/20260429_18z_l2_72h_20260524T204451Z/wrfout_d02_2026-04-30_01:00:00,/tmp/v0120_powered_tost_runs/l2_d02_20260429_18z_l2_72h_20260524T204451Z/wrfout_d02_2026-04-30_01:00:00
2026-04-30T01:00:00+00:00,7,U10,OK,8344,3.8899264983394795,-3.25769365562663,3.4541977963505177,6.465966486930847,7.504183723926541,10.052679538726807,0.5694755178323933,1.0,"[56, 149]","[56, 149]",,/mnt/data/canairy_meteo/runs/wrf_l2_backfill_output/20260429_18z_l2_72h_20260524T204451Z/wrfout_d02_2026-04-30_01:00:00,/tmp/v0120_powered_tost_runs/l2_d02_20260429_18z_l2_72h_20260524T204451Z/wrfout_d02_2026-04-30_01:00:00
2026-04-30T01:00:00+00:00,7,V10,OK,8344,1.9442048546675552,0.29700748317053777,1.5656236143465547,3.7617981672286978,5.4212858274579,8.549118041992188,0.4393717373354602,1.0,"[56, 149]","[56, 149]",,/mnt/data/canairy_meteo/runs/wrf_l2_backfill_output/20260429_18z_l2_72h_20260524T204451Z/wrfout_d02_2026-04-30_01:00:00,/tmp/v0120_powered_tost_runs/l2_d02_20260429_18z_l2_72h_20260524T204451Z/wrfout_d02_2026-04-30_01:00:00
2026-04-30T01:00:00+00:00,7,PSFC,OK,8344,169.0766948649806,151.70109977978188,151.72494737985377,275.030859375,301.869296875,321.8515625,0.9995695293945975,1.0,"[56, 149]","[56, 149]",,/mnt/data/canairy_meteo/runs/wrf_l2_backfill_output/20260429_18z_l2_72h_20260524T204451Z/wrfout_d02_2026-04-30_01:00:00,/tmp/v0120_powered_tost_runs/l2_d02_20260429_18z_l2_72h_20260524T204451Z/wrfout_d02_2026-04-30_01:00:00
2026-04-30T01:00:00+00:00,7,RAINNC,OK,8344,0.0029742316443746807,7.216018446858137e-05,7.216018446858137e-05,0.0,0.0,0.23327898979187012,,1.0,"[56, 149]","[56, 149]",,/mnt/data/canairy_meteo/runs/wrf_l2_backfill_output/20260429_18z_l2_72h_20260524T204451Z/wrfout_d02_2026-04-30_01:00:00,/tmp/v0120_powered_tost_runs/l2_d02_20260429_18z_l2_72h_20260524T204451Z/wrfout_d02_2026-04-30_01:00:00
2026-04-30T01:00:00+00:00,7,T,OK,367136,6.122110856884691,-0.48676202270819025,4.750232763613755,13.5853271484375,16.156126403808596,17.308197021484375,0.995503995514088,1.0,"[44, 56, 149]","[44, 56, 149]",,/mnt/data/canairy_meteo/runs/wrf_l2_backfill_output/20260429_18z_l2_72h_20260524T204451Z/wrfout_d02_2026-04-30_01:00:00,/tmp/v0120_powered_tost_runs/l2_d02_20260429_18z_l2_72h_20260524T204451Z/wrfout_d02_2026-04-30_01:00:00
2026-04-30T01:00:00+00:00,7,U,OK,369600,3.8982502650421003,-0.9615674029777367,3.030226306977204,7.190156269073485,12.618556642532361,19.32642364501953,0.9506582567202057,1.0,"[44, 56, 150]","[44, 56, 150]",,/mnt/data/canairy_meteo/runs/wrf_l2_backfill_output/20260429_18z_l2_72h_20260524T204451Z/wrfout_d02_2026-04-30_01:00:00,/tmp/v0120_powered_tost_runs/l2_d02_20260429_18z_l2_72h_20260524T204451Z/wrfout_d02_2026-04-30_01:00:00
2026-04-30T01:00:00+00:00,7,V,OK,373692,7.235913683625726,1.5340818815389503,4.849860272375885,17.842521142959598,25.547959308624282,30.63761615753174,-0.15534338021599442,1.0,"[44, 57, 149]","[44, 57, 149]",,/mnt/data/canairy_meteo/runs/wrf_l2_backfill_output/20260429_18z_l2_72h_20260524T204451Z/wrfout_d02_2026-04-30_01:00:00,/tmp/v0120_powered_tost_runs/l2_d02_20260429_18z_l2_72h_20260524T204451Z/wrfout_d02_2026-04-30_01:00:00
2026-04-30T01:00:00+00:00,7,W,OK,375480,0.07554838224597092,0.0048506791785251375,0.05202374332294915,0.15764116551727056,0.24939134282991307,1.2816246151924133,0.19655136145610483,1.0,"[45, 56, 149]","[45, 56, 149]",,/mnt/data/canairy_meteo/runs/wrf_l2_backfill_output/20260429_18z_l2_72h_20260524T204451Z/wrfout_d02_2026-04-30_01:00:00,/tmp/v0120_powered_tost_runs/l2_d02_20260429_18z_l2_72h_20260524T204451Z/wrfout_d02_2026-04-30_01:00:00
2026-04-30T02:00:00+00:00,8,T2,OK,8344,1.4586109955711275,0.6051453309685477,0.6280143057511386,3.6811676025390625,7.029758911132811,7.66070556640625,0.8143060389219733,1.0,"[56, 149]","[56, 149]",,/mnt/data/canairy_meteo/runs/wrf_l2_backfill_output/20260429_18z_l2_72h_20260524T204451Z/wrfout_d02_2026-04-30_02:00:00,/tmp/v0120_powered_tost_runs/l2_d02_20260429_18z_l2_72h_20260524T204451Z/wrfout_d02_2026-04-30_02:00:00
2026-04-30T02:00:00+00:00,8,U10,OK,8344,3.0431938339006215,-2.2387402901156204,2.676825943363291,5.114832469820977,6.1656897184252735,8.147336602210999,0.6945968733909188,1.0,"[56, 149]","[56, 149]",,/mnt/data/canairy_meteo/runs/wrf_l2_backfill_output/20260429_18z_l2_72h_20260524T204451Z/wrfout_d02_2026-04-30_02:00:00,/tmp/v0120_powered_tost_runs/l2_d02_20260429_18z_l2_72h_20260524T204451Z/wrfout_d02_2026-04-30_02:00:00
2026-04-30T02:00:00+00:00,8,V10,OK,8344,2.5462577985122055,-1.661315311936741,2.052562397605672,4.972926373546943,6.4842608400434205,8.791924834251404,0.38011195051306595,1.0,"[56, 149]","[56, 149]",,/mnt/data/canairy_meteo/runs/wrf_l2_backfill_output/20260429_18z_l2_72h_20260524T204451Z/wrfout_d02_2026-04-30_02:00:00,/tmp/v0120_powered_tost_runs/l2_d02_20260429_18z_l2_72h_20260524T204451Z/wrfout_d02_2026-04-30_02:00:00
2026-04-30T02:00:00+00:00,8,PSFC,OK,8344,175.40690281682672,104.23800129584133,148.66875243438398,299.58671875,328.49539062499997,361.8203125,0.9984607419534153,1.0,"[56, 149]","[56, 149]",,/mnt/data/canairy_meteo/runs/wrf_l2_backfill_output/20260429_18z_l2_72h_20260524T204451Z/wrfout_d02_2026-04-30_02:00:00,/tmp/v0120_powered_tost_runs/l2_d02_20260429_18z_l2_72h_20260524T204451Z/wrfout_d02_2026-04-30_02:00:00
2026-04-30T02:00:00+00:00,8,RAINNC,OK,8344,0.0029730160278099694,7.137673426953279e-05,7.189002271856027e-05,0.0,0.0,0.23327898979187012,0.05661364784949259,1.0,"[56, 149]","[56, 149]",,/mnt/data/canairy_meteo/runs/wrf_l2_backfill_output/20260429_18z_l2_72h_20260524T204451Z/wrfout_d02_2026-04-30_02:00:00,/tmp/v0120_powered_tost_runs/l2_d02_20260429_18z_l2_72h_20260524T204451Z/wrfout_d02_2026-04-30_02:00:00
2026-04-30T02:00:00+00:00,8,T,OK,367136,6.148122917002272,-0.6275511204411904,4.890747993480543,13.013946533203125,15.810850524902346,17.98931884765625,0.9957610547194852,1.0,"[44, 56, 149]","[44, 56, 149]",,/mnt/data/canairy_meteo/runs/wrf_l2_backfill_output/20260429_18z_l2_72h_20260524T204451Z/wrfout_d02_2026-04-30_02:00:00,/tmp/v0120_powered_tost_runs/l2_d02_20260429_18z_l2_72h_20260524T204451Z/wrfout_d02_2026-04-30_02:00:00
2026-04-30T02:00:00+00:00,8,U,OK,369600,3.1682656501412,-0.3960639497250126,2.3978045968784407,5.697125661373138,11.117381210327157,18.569619178771973,0.9591061404278801,1.0,"[44, 56, 150]","[44, 56, 150]",,/mnt/data/canairy_meteo/runs/wrf_l2_backfill_output/20260429_18z_l2_72h_20260524T204451Z/wrfout_d02_2026-04-30_02:00:00,/tmp/v0120_powered_tost_runs/l2_d02_20260429_18z_l2_72h_20260524T204451Z/wrfout_d02_2026-04-30_02:00:00
2026-04-30T02:00:00+00:00,8,V,OK,373692,7.326579505836105,1.7684265665516794,4.6061988408388785,18.487999725341798,25.62978194236757,31.58811616897583,-0.022360491372571113,1.0,"[44, 57, 149]","[44, 57, 149]",,/mnt/data/canairy_meteo/runs/wrf_l2_backfill_output/20260429_18z_l2_72h_20260524T204451Z/wrfout_d02_2026-04-30_02:00:00,/tmp/v0120_powered_tost_runs/l2_d02_20260429_18z_l2_72h_20260524T204451Z/wrfout_d02_2026-04-30_02:00:00
2026-04-30T02:00:00+00:00,8,W,OK,375480,0.06688076090977553,0.008454645089635773,0.04608665146298524,0.13004325218498702,0.20697162924334428,1.5947053283452988,0.30821187762916064,1.0,"[45, 56, 149]","[45, 56, 149]",,/mnt/data/canairy_meteo/runs/wrf_l2_backfill_output/20260429_18z_l2_72h_20260524T204451Z/wrfout_d02_2026-04-30_02:00:00,/tmp/v0120_powered_tost_runs/l2_d02_20260429_18z_l2_72h_20260524T204451Z/wrfout_d02_2026-04-30_02:00:00
2026-04-30T03:00:00+00:00,9,T2,OK,8344,1.5503336218183015,0.7093758697363468,0.7163129424317343,3.7032058715820293,7.9542807006835865,8.694091796875,0.7794958106412373,1.0,"[56, 149]","[56, 149]",,/mnt/data/canairy_meteo/runs/wrf_l2_backfill_output/20260429_18z_l2_72h_20260524T204451Z/wrfout_d02_2026-04-30_03:00:00,/tmp/v0120_powered_tost_runs/l2_d02_20260429_18z_l2_72h_20260524T204451Z/wrfout_d02_2026-04-30_03:00:00
2026-04-30T03:00:00+00:00,9,U10,OK,8344,2.0384716860920937,-1.1144309307552112,1.690221924394615,3.830954465270042,5.08635230660438,7.9886380434036255,0.6228449339177978,1.0,"[56, 149]","[56, 149]",,/mnt/data/canairy_meteo/runs/wrf_l2_backfill_output/20260429_18z_l2_72h_20260524T204451Z/wrfout_d02_2026-04-30_03:00:00,/tmp/v0120_powered_tost_runs/l2_d02_20260429_18z_l2_72h_20260524T204451Z/wrfout_d02_2026-04-30_03:00:00
2026-04-30T03:00:00+00:00,9,V10,OK,8344,2.9952291946228136,-2.2392959122104177,2.577521868512289,4.848705863952636,6.673705768585204,9.490732312202454,0.3599913168655113,1.0,"[56, 149]","[56, 149]",,/mnt/data/canairy_meteo/runs/wrf_l2_backfill_output/20260429_18z_l2_72h_20260524T204451Z/wrfout_d02_2026-04-30_03:00:00,/tmp/v0120_powered_tost_runs/l2_d02_20260429_18z_l2_72h_20260524T204451Z/wrfout_d02_2026-04-30_03:00:00
2026-04-30T03:00:00+00:00,9,PSFC,OK,8344,230.78613018862313,211.29443031669464,211.61853109270135,306.506640625,313.359296875,333.1171875,0.9993358893872551,1.0,"[56, 149]","[56, 149]",,/mnt/data/canairy_meteo/runs/wrf_l2_backfill_output/20260429_18z_l2_72h_20260524T204451Z/wrfout_d02_2026-04-30_03:00:00,/tmp/v0120_powered_tost_runs/l2_d02_20260429_18z_l2_72h_20260524T204451Z/wrfout_d02_2026-04-30_03:00:00
2026-04-30T03:00:00+00:00,9,RAINNC,OK,8344,0.003334420226479258,4.898295514344323e-06,0.0001276291699383512,0.0,0.0,0.23327898979187012,0.04802885327133036,1.0,"[56, 149]","[56, 149]",,/mnt/data/canairy_meteo/runs/wrf_l2_backfill_output/20260429_18z_l2_72h_20260524T204451Z/wrfout_d02_2026-04-30_03:00:00,/tmp/v0120_powered_tost_runs/l2_d02_20260429_18z_l2_72h_20260524T204451Z/wrfout_d02_2026-04-30_03:00:00
2026-04-30T03:00:00+00:00,9,T,OK,367136,5.847355617382841,-0.7396965278719252,4.769944474595911,11.33050537109375,14.104014587402357,15.7196044921875,0.9965502330075842,1.0,"[44, 56, 149]","[44, 56, 149]",,/mnt/data/canairy_meteo/runs/wrf_l2_backfill_output/20260429_18z_l2_72h_20260524T204451Z/wrfout_d02_2026-04-30_03:00:00,/tmp/v0120_powered_tost_runs/l2_d02_20260429_18z_l2_72h_20260524T204451Z/wrfout_d02_2026-04-30_03:00:00
2026-04-30T03:00:00+00:00,9,U,OK,369600,2.786606227904191,-0.8910912899438374,2.1538292572073527,5.475376927852628,8.381178302764898,14.683545112609863,0.9624977551477696,1.0,"[44, 56, 150]","[44, 56, 150]",,/mnt/data/canairy_meteo/runs/wrf_l2_backfill_output/20260429_18z_l2_72h_20260524T204451Z/wrfout_d02_2026-04-30_03:00:00,/tmp/v0120_powered_tost_runs/l2_d02_20260429_18z_l2_72h_20260524T204451Z/wrfout_d02_2026-04-30_03:00:00
2026-04-30T03:00:00+00:00,9,V,OK,373692,6.968520431596417,1.632066818389392,4.4613821031650165,16.92577512264252,25.57505113482478,30.313693046569824,0.14356439503990281,1.0,"[44, 57, 149]","[44, 57, 149]",,/mnt/data/canairy_meteo/runs/wrf_l2_backfill_output/20260429_18z_l2_72h_20260524T204451Z/wrfout_d02_2026-04-30_03:00:00,/tmp/v0120_powered_tost_runs/l2_d02_20260429_18z_l2_72h_20260524T204451Z/wrfout_d02_2026-04-30_03:00:00
2026-04-30T03:00:00+00:00,9,W,OK,375480,0.05716293026946033,0.003994739428840569,0.03873108830744441,0.11038862243294714,0.17407843958586475,1.4292159676551819,0.3268612616426848,1.0,"[45, 56, 149]","[45, 56, 149]",,/mnt/data/canairy_meteo/runs/wrf_l2_backfill_output/20260429_18z_l2_72h_20260524T204451Z/wrfout_d02_2026-04-30_03:00:00,/tmp/v0120_powered_tost_runs/l2_d02_20260429_18z_l2_72h_20260524T204451Z/wrfout_d02_2026-04-30_03:00:00
2026-04-30T04:00:00+00:00,10,T2,OK,8344,1.5643392758385364,0.6332048396021842,0.6497130425984428,3.547877502441405,8.143145751953124,9.686431884765625,0.7446801358925688,1.0,"[56, 149]","[56, 149]",,/mnt/data/canairy_meteo/runs/wrf_l2_backfill_output/20260429_18z_l2_72h_20260524T204451Z/wrfout_d02_2026-04-30_04:00:00,/tmp/v0120_powered_tost_runs/l2_d02_20260429_18z_l2_72h_20260524T204451Z/wrfout_d02_2026-04-30_04:00:00
2026-04-30T04:00:00+00:00,10,U10,OK,8344,2.0367876811541668,0.6632866949560333,1.6408771410094014,3.958624359965321,5.734296199083328,9.365312099456787,0.2671851788289203,1.0,"[56, 149]","[56, 149]",,/mnt/data/canairy_meteo/runs/wrf_l2_backfill_output/20260429_18z_l2_72h_20260524T204451Z/wrfout_d02_2026-04-30_04:00:00,/tmp/v0120_powered_tost_runs/l2_d02_20260429_18z_l2_72h_20260524T204451Z/wrfout_d02_2026-04-30_04:00:00
2026-04-30T04:00:00+00:00,10,V10,OK,8344,2.6284400279155307,-1.9224982852506458,2.2130810259385187,4.851207423210142,6.631769666075694,9.686836823821068,0.3601967202602699,1.0,"[56, 149]","[56, 149]",,/mnt/data/canairy_meteo/runs/wrf_l2_backfill_output/20260429_18z_l2_72h_20260524T204451Z/wrfout_d02_2026-04-30_04:00:00,/tmp/v0120_powered_tost_runs/l2_d02_20260429_18z_l2_72h_20260524T204451Z/wrfout_d02_2026-04-30_04:00:00
2026-04-30T04:00:00+00:00,10,PSFC,OK,8344,173.21943501366763,134.30511538980105,146.14956387074545,287.41054687499997,314.55671874999996,331.8203125,0.9990754052327009,1.0,"[56, 149]","[56, 149]",,/mnt/data/canairy_meteo/runs/wrf_l2_backfill_output/20260429_18z_l2_72h_20260524T204451Z/wrfout_d02_2026-04-30_04:00:00,/tmp/v0120_powered_tost_runs/l2_d02_20260429_18z_l2_72h_20260524T204451Z/wrfout_d02_2026-04-30_04:00:00
2026-04-30T04:00:00+00:00,10,RAINNC,OK,8344,0.004915872018211834,-9.707284830293888e-05,0.0002313936285021967,0.0,0.0004487315248115906,0.2333575040102005,0.03775296306067169,1.0,"[56, 149]","[56, 149]",,/mnt/data/canairy_meteo/runs/wrf_l2_backfill_output/20260429_18z_l2_72h_20260524T204451Z/wrfout_d02_2026-04-30_04:00:00,/tmp/v0120_powered_tost_runs/l2_d02_20260429_18z_l2_72h_20260524T204451Z/wrfout_d02_2026-04-30_04:00:00
2026-04-30T04:00:00+00:00,10,T,OK,367136,5.2871952951642065,-0.6718851605839855,4.338327451310431,9.636344909667969,12.51650848388672,14.680572509765625,0.9972210110396545,1.0,"[44, 56, 149]","[44, 56, 149]",,/mnt/data/canairy_meteo/runs/wrf_l2_backfill_output/20260429_18z_l2_72h_20260524T204451Z/wrfout_d02_2026-04-30_04:00:00,/tmp/v0120_powered_tost_runs/l2_d02_20260429_18z_l2_72h_20260524T204451Z/wrfout_d02_2026-04-30_04:00:00
2026-04-30T04:00:00+00:00,10,U,OK,369600,2.6942429866488617,-0.7578752345017543,2.1167142238902548,5.443812370300291,7.862891244888306,12.466060638427734,0.9658915890846272,1.0,"[44, 56, 150]","[44, 56, 150]",,/mnt/data/canairy_meteo/runs/wrf_l2_backfill_output/20260429_18z_l2_72h_20260524T204451Z/wrfout_d02_2026-04-30_04:00:00,/tmp/v0120_powered_tost_runs/l2_d02_20260429_18z_l2_72h_20260524T204451Z/wrfout_d02_2026-04-30_04:00:00
2026-04-30T04:00:00+00:00,10,V,OK,373692,7.273606034821068,1.8181372460605902,4.913921376307383,16.928396782930943,23.91640460133553,26.833488762378693,0.11775328726599946,1.0,"[44, 57, 149]","[44, 57, 149]",,/mnt/data/canairy_meteo/runs/wrf_l2_backfill_output/20260429_18z_l2_72h_20260524T204451Z/wrfout_d02_2026-04-30_04:00:00,/tmp/v0120_powered_tost_runs/l2_d02_20260429_18z_l2_72h_20260524T204451Z/wrfout_d02_2026-04-30_04:00:00
2026-04-30T04:00:00+00:00,10,W,OK,375480,0.05799064298494525,0.016432180406932135,0.037937344093631004,0.11378760393708943,0.19041554830968402,1.3512263894081116,0.31649047082216364,1.0,"[45, 56, 149]","[45, 56, 149]",,/mnt/data/canairy_meteo/runs/wrf_l2_backfill_output/20260429_18z_l2_72h_20260524T204451Z/wrfout_d02_2026-04-30_04:00:00,/tmp/v0120_powered_tost_runs/l2_d02_20260429_18z_l2_72h_20260524T204451Z/wrfout_d02_2026-04-30_04:00:00
2026-04-30T05:00:00+00:00,11,T2,OK,8344,1.5920967013170662,0.6418364608047793,0.6595599393030827,3.7201370239257807,8.030424804687485,10.4388427734375,0.7416221483591218,1.0,"[56, 149]","[56, 149]",,/mnt/data/canairy_meteo/runs/wrf_l2_backfill_output/20260429_18z_l2_72h_20260524T204451Z/wrfout_d02_2026-04-30_05:00:00,/tmp/v0120_powered_tost_runs/l2_d02_20260429_18z_l2_72h_20260524T204451Z/wrfout_d02_2026-04-30_05:00:00
2026-04-30T05:00:00+00:00,11,U10,OK,8344,2.377549563993804,1.1537977784527909,1.9461160799648518,4.198659265041351,6.515427596569061,8.410622835159302,0.08541916139942624,1.0,"[56, 149]","[56, 149]",,/mnt/data/canairy_meteo/runs/wrf_l2_backfill_output/20260429_18z_l2_72h_20260524T204451Z/wrfout_d02_2026-04-30_05:00:00,/tmp/v0120_powered_tost_runs/l2_d02_20260429_18z_l2_72h_20260524T204451Z/wrfout_d02_2026-04-30_05:00:00
2026-04-30T05:00:00+00:00,11,V10,OK,8344,3.159663491876182,-2.6797346657653867,2.872401304717949,5.138035382702946,7.136678877472877,8.848223567008972,0.22656277057705673,1.0,"[56, 149]","[56, 149]",,/mnt/data/canairy_meteo/runs/wrf_l2_backfill_output/20260429_18z_l2_72h_20260524T204451Z/wrfout_d02_2026-04-30_05:00:00,/tmp/v0120_powered_tost_runs/l2_d02_20260429_18z_l2_72h_20260524T204451Z/wrfout_d02_2026-04-30_05:00:00
2026-04-30T05:00:00+00:00,11,PSFC,OK,8344,140.89503248826648,127.31304399119128,127.56323312410115,216.592578125,226.537890625,246.6796875,0.9997181676248345,1.0,"[56, 149]","[56, 149]",,/mnt/data/canairy_meteo/runs/wrf_l2_backfill_output/20260429_18z_l2_72h_20260524T204451Z/wrfout_d02_2026-04-30_05:00:00,/tmp/v0120_powered_tost_runs/l2_d02_20260429_18z_l2_72h_20260524T204451Z/wrfout_d02_2026-04-30_05:00:00
2026-04-30T05:00:00+00:00,11,RAINNC,OK,8344,0.005229164193295655,-0.0001815448365666786,0.00031623053627422856,0.0,0.003638790417462564,0.23343989253044128,0.035641468222183934,1.0,"[56, 149]","[56, 149]",,/mnt/data/canairy_meteo/runs/wrf_l2_backfill_output/20260429_18z_l2_72h_20260524T204451Z/wrfout_d02_2026-04-30_05:00:00,/tmp/v0120_powered_tost_runs/l2_d02_20260429_18z_l2_72h_20260524T204451Z/wrfout_d02_2026-04-30_05:00:00
2026-04-30T05:00:00+00:00,11,T,OK,367136,4.956631303188245,-0.7154426025261618,4.085347280001085,9.050224304199219,10.85848846435547,12.41473388671875,0.9977083100107556,1.0,"[44, 56, 149]","[44, 56, 149]",,/mnt/data/canairy_meteo/runs/wrf_l2_backfill_output/20260429_18z_l2_72h_20260524T204451Z/wrfout_d02_2026-04-30_05:00:00,/tmp/v0120_powered_tost_runs/l2_d02_20260429_18z_l2_72h_20260524T204451Z/wrfout_d02_2026-04-30_05:00:00
2026-04-30T05:00:00+00:00,11,U,OK,369600,2.7636463957083026,-0.7666771949863099,2.237950565560953,5.400031757354734,6.936614750623704,10.508602142333984,0.9660825491031166,1.0,"[44, 56, 150]","[44, 56, 150]",,/mnt/data/canairy_meteo/runs/wrf_l2_backfill_output/20260429_18z_l2_72h_20260524T204451Z/wrfout_d02_2026-04-30_05:00:00,/tmp/v0120_powered_tost_runs/l2_d02_20260429_18z_l2_72h_20260524T204451Z/wrfout_d02_2026-04-30_05:00:00
2026-04-30T05:00:00+00:00,11,V,OK,373692,8.454213361680745,3.098731738594403,5.876171781198821,20.05029109716416,24.38118964135647,29.69658923149109,0.007616144876318543,1.0,"[44, 57, 149]","[44, 57, 149]",,/mnt/data/canairy_meteo/runs/wrf_l2_backfill_output/20260429_18z_l2_72h_20260524T204451Z/wrfout_d02_2026-04-30_05:00:00,/tmp/v0120_powered_tost_runs/l2_d02_20260429_18z_l2_72h_20260524T204451Z/wrfout_d02_2026-04-30_05:00:00
2026-04-30T05:00:00+00:00,11,W,OK,375480,0.05897573098901179,0.013016477312389621,0.036442138476184396,0.11115145031362772,0.18710973732173486,1.465937077999115,0.3303691063137784,1.0,"[45, 56, 149]","[45, 56, 149]",,/mnt/data/canairy_meteo/runs/wrf_l2_backfill_output/20260429_18z_l2_72h_20260524T204451Z/wrfout_d02_2026-04-30_05:00:00,/tmp/v0120_powered_tost_runs/l2_d02_20260429_18z_l2_72h_20260524T204451Z/wrfout_d02_2026-04-30_05:00:00
2026-04-30T06:00:00+00:00,12,T2,OK,8344,1.6270938563398045,0.6676801569967005,0.6878607613699776,3.992158508300781,8.026037597656249,10.40386962890625,0.7381411538672488,1.0,"[56, 149]","[56, 149]",,/mnt/data/canairy_meteo/runs/wrf_l2_backfill_output/20260429_18z_l2_72h_20260524T204451Z/wrfout_d02_2026-04-30_06:00:00,/tmp/v0120_powered_tost_runs/l2_d02_20260429_18z_l2_72h_20260524T204451Z/wrfout_d02_2026-04-30_06:00:00
2026-04-30T06:00:00+00:00,12,U10,OK,8344,2.1441039365796537,0.5450044520035832,1.733977316437437,4.04834166318178,6.533914164304733,10.279679298400879,0.23679874771280382,1.0,"[56, 149]","[56, 149]",,/mnt/data/canairy_meteo/runs/wrf_l2_backfill_output/20260429_18z_l2_72h_20260524T204451Z/wrfout_d02_2026-04-30_06:00:00,/tmp/v0120_powered_tost_runs/l2_d02_20260429_18z_l2_72h_20260524T204451Z/wrfout_d02_2026-04-30_06:00:00
2026-04-30T06:00:00+00:00,12,V10,OK,8344,3.9543894407654747,-3.4524208974406556,3.6049383667299275,5.944529601931571,8.02199979454279,10.706252694129944,0.2614204861353173,1.0,"[56, 149]","[56, 149]",,/mnt/data/canairy_meteo/runs/wrf_l2_backfill_output/20260429_18z_l2_72h_20260524T204451Z/wrfout_d02_2026-04-30_06:00:00,/tmp/v0120_powered_tost_runs/l2_d02_20260429_18z_l2_72h_20260524T204451Z/wrfout_d02_2026-04-30_06:00:00
2026-04-30T06:00:00+00:00,12,PSFC,OK,8344,116.15791863701956,114.29351461379434,114.33549275677133,144.5234375,164.14695312499992,265.0625,0.9999677680072412,1.0,"[56, 149]","[56, 149]",,/mnt/data/canairy_meteo/runs/wrf_l2_backfill_output/20260429_18z_l2_72h_20260524T204451Z/wrfout_d02_2026-04-30_06:00:00,/tmp/v0120_powered_tost_runs/l2_d02_20260429_18z_l2_72h_20260524T204451Z/wrfout_d02_2026-04-30_06:00:00
2026-04-30T06:00:00+00:00,12,RAINNC,OK,8344,0.006464403733211068,-0.0004643344618623479,0.0005990743193616482,1.7698949977781653e-05,0.013215898387134066,0.23343989253044128,0.026582721787353866,1.0,"[56, 149]","[56, 149]",,/mnt/data/canairy_meteo/runs/wrf_l2_backfill_output/20260429_18z_l2_72h_20260524T204451Z/wrfout_d02_2026-04-30_06:00:00,/tmp/v0120_powered_tost_runs/l2_d02_20260429_18z_l2_72h_20260524T204451Z/wrfout_d02_2026-04-30_06:00:00
2026-04-30T06:00:00+00:00,12,T,OK,367136,5.124942133072128,-0.8837172252136672,4.116172467260594,10.34271240234375,11.501156616210942,12.93255615234375,0.9979261014994374,1.0,"[44, 56, 149]","[44, 56, 149]",,/mnt/data/canairy_meteo/runs/wrf_l2_backfill_output/20260429_18z_l2_72h_20260524T204451Z/wrfout_d02_2026-04-30_06:00:00,/tmp/v0120_powered_tost_runs/l2_d02_20260429_18z_l2_72h_20260524T204451Z/wrfout_d02_2026-04-30_06:00:00
2026-04-30T06:00:00+00:00,12,U,OK,369600,2.7259142728008054,-0.8226950150707257,2.2014159419399792,5.249856567382811,6.718181825280201,12.986967086791992,0.9668007851176275,1.0,"[44, 56, 150]","[44, 56, 150]",,/mnt/data/canairy_meteo/runs/wrf_l2_backfill_output/20260429_18z_l2_72h_20260524T204451Z/wrfout_d02_2026-04-30_06:00:00,/tmp/v0120_powered_tost_runs/l2_d02_20260429_18z_l2_72h_20260524T204451Z/wrfout_d02_2026-04-30_06:00:00
2026-04-30T06:00:00+00:00,12,V,OK,373692,9.862419348726412,4.376459505865107,6.927051502727188,21.747861176729206,27.31129112720496,31.91381311416626,-0.10479890505463317,1.0,"[44, 57, 149]","[44, 57, 149]",,/mnt/data/canairy_meteo/runs/wrf_l2_backfill_output/20260429_18z_l2_72h_20260524T204451Z/wrfout_d02_2026-04-30_06:00:00,/tmp/v0120_powered_tost_runs/l2_d02_20260429_18z_l2_72h_20260524T204451Z/wrfout_d02_2026-04-30_06:00:00
2026-04-30T06:00:00+00:00,12,W,OK,375480,0.06617499325439956,0.00839228148331433,0.039176467320999886,0.11429439578205347,0.209539387561381,1.960074357688427,0.27511553508484676,1.0,"[45, 56, 149]","[45, 56, 149]",,/mnt/data/canairy_meteo/runs/wrf_l2_backfill_output/20260429_18z_l2_72h_20260524T204451Z/wrfout_d02_2026-04-30_06:00:00,/tmp/v0120_powered_tost_runs/l2_d02_20260429_18z_l2_72h_20260524T204451Z/wrfout_d02_2026-04-30_06:00:00
2026-04-30T07:00:00+00:00,13,T2,OK,8344,1.4562991316943172,0.5894034542036194,0.6263360071959454,3.9076751708984334,6.867868347167968,7.876739501953125,0.7781598984229063,1.0,"[56, 149]","[56, 149]",,/mnt/data/canairy_meteo/runs/wrf_l2_backfill_output/20260429_18z_l2_72h_20260524T204451Z/wrfout_d02_2026-04-30_07:00:00,/tmp/v0120_powered_tost_runs/l2_d02_20260429_18z_l2_72h_20260524T204451Z/wrfout_d02_2026-04-30_07:00:00
2026-04-30T07:00:00+00:00,13,U10,OK,8344,1.813821703662253,-0.04446333438833632,1.3781394861448177,3.785310810804365,5.306192344427107,8.11188006401062,0.377024772048236,1.0,"[56, 149]","[56, 149]",,/mnt/data/canairy_meteo/runs/wrf_l2_backfill_output/20260429_18z_l2_72h_20260524T204451Z/wrfout_d02_2026-04-30_07:00:00,/tmp/v0120_powered_tost_runs/l2_d02_20260429_18z_l2_72h_20260524T204451Z/wrfout_d02_2026-04-30_07:00:00
2026-04-30T07:00:00+00:00,13,V10,OK,8344,3.962731366612511,-3.488014312879032,3.6547622203526555,5.913377474248409,7.742486157417293,10.389717817306519,0.23459077439741893,1.0,"[56, 149]","[56, 149]",,/mnt/data/canairy_meteo/runs/wrf_l2_backfill_output/20260429_18z_l2_72h_20260524T204451Z/wrfout_d02_2026-04-30_07:00:00,/tmp/v0120_powered_tost_runs/l2_d02_20260429_18z_l2_72h_20260524T204451Z/wrfout_d02_2026-04-30_07:00:00
2026-04-30T07:00:00+00:00,13,PSFC,OK,8344,58.86515612006554,47.70027864333653,49.89971274268936,104.83437499999997,117.16289062499999,247.578125,0.9999125810568151,1.0,"[56, 149]","[56, 149]",,/mnt/data/canairy_meteo/runs/wrf_l2_backfill_output/20260429_18z_l2_72h_20260524T204451Z/wrfout_d02_2026-04-30_07:00:00,/tmp/v0120_powered_tost_runs/l2_d02_20260429_18z_l2_72h_20260524T204451Z/wrfout_d02_2026-04-30_07:00:00
2026-04-30T07:00:00+00:00,13,RAINNC,OK,8344,0.008852282840316998,-0.0007926254452995706,0.000927820607696149,0.0003842968799290174,0.02363885750724856,0.23381580412387848,0.01748234199031847,1.0,"[56, 149]","[56, 149]",,/mnt/data/canairy_meteo/runs/wrf_l2_backfill_output/20260429_18z_l2_72h_20260524T204451Z/wrfout_d02_2026-04-30_07:00:00,/tmp/v0120_powered_tost_runs/l2_d02_20260429_18z_l2_72h_20260524T204451Z/wrfout_d02_2026-04-30_07:00:00
2026-04-30T07:00:00+00:00,13,T,OK,367136,5.013696491349369,-0.8405783125509061,3.851619204512285,11.000503540039062,12.623626708984375,14.31085205078125,0.9980511598268316,1.0,"[44, 56, 149]","[44, 56, 149]",,/mnt/data/canairy_meteo/runs/wrf_l2_backfill_output/20260429_18z_l2_72h_20260524T204451Z/wrfout_d02_2026-04-30_07:00:00,/tmp/v0120_powered_tost_runs/l2_d02_20260429_18z_l2_72h_20260524T204451Z/wrfout_d02_2026-04-30_07:00:00
2026-04-30T07:00:00+00:00,13,U,OK,369600,2.601360591207433,-0.9687492668401472,2.10908920580219,4.856958326697349,6.13457365870476,10.04254099726677,0.9738262437166827,1.0,"[44, 56, 150]","[44, 56, 150]",,/mnt/data/canairy_meteo/runs/wrf_l2_backfill_output/20260429_18z_l2_72h_20260524T204451Z/wrfout_d02_2026-04-30_07:00:00,/tmp/v0120_powered_tost_runs/l2_d02_20260429_18z_l2_72h_20260524T204451Z/wrfout_d02_2026-04-30_07:00:00
2026-04-30T07:00:00+00:00,13,V,OK,373692,10.46238773785757,4.721133807706811,7.381431280705906,23.564110183715822,27.4981494188309,30.920413494110107,-0.1913426025736837,1.0,"[44, 57, 149]","[44, 57, 149]",,/mnt/data/canairy_meteo/runs/wrf_l2_backfill_output/20260429_18z_l2_72h_20260524T204451Z/wrfout_d02_2026-04-30_07:00:00,/tmp/v0120_powered_tost_runs/l2_d02_20260429_18z_l2_72h_20260524T204451Z/wrfout_d02_2026-04-30_07:00:00
2026-04-30T07:00:00+00:00,13,W,OK,375480,0.06528651598347844,0.013585901958190922,0.039683308348441214,0.12636612050700932,0.2202936252951623,1.5575543940067291,0.2364711841649661,1.0,"[45, 56, 149]","[45, 56, 149]",,/mnt/data/canairy_meteo/runs/wrf_l2_backfill_output/20260429_18z_l2_72h_20260524T204451Z/wrfout_d02_2026-04-30_07:00:00,/tmp/v0120_powered_tost_runs/l2_d02_20260429_18z_l2_72h_20260524T204451Z/wrfout_d02_2026-04-30_07:00:00
2026-04-30T08:00:00+00:00,14,T2,OK,8344,0.7607181666243957,0.2952258182280587,0.36698563558371844,1.81863555908203,3.6735498046874975,4.574066162109375,0.892212588454655,1.0,"[56, 149]","[56, 149]",,/mnt/data/canairy_meteo/runs/wrf_l2_backfill_output/20260429_18z_l2_72h_20260524T204451Z/wrfout_d02_2026-04-30_08:00:00,/tmp/v0120_powered_tost_runs/l2_d02_20260429_18z_l2_72h_20260524T204451Z/wrfout_d02_2026-04-30_08:00:00
2026-04-30T08:00:00+00:00,14,U10,OK,8344,1.6589680219119014,-0.18282383195762758,1.2514227681259902,3.5371439427137368,4.760287476354278,6.527708321809769,0.37903560624182114,1.0,"[56, 149]","[56, 149]",,/mnt/data/canairy_meteo/runs/wrf_l2_backfill_output/20260429_18z_l2_72h_20260524T204451Z/wrfout_d02_2026-04-30_08:00:00,/tmp/v0120_powered_tost_runs/l2_d02_20260429_18z_l2_72h_20260524T204451Z/wrfout_d02_2026-04-30_08:00:00
2026-04-30T08:00:00+00:00,14,V10,OK,8344,4.022713502206912,-3.5887690029078176,3.728944590553165,5.857243084907531,7.246507713794708,10.651344776153564,0.23231144444137916,1.0,"[56, 149]","[56, 149]",,/mnt/data/canairy_meteo/runs/wrf_l2_backfill_output/20260429_18z_l2_72h_20260524T204451Z/wrfout_d02_2026-04-30_08:00:00,/tmp/v0120_powered_tost_runs/l2_d02_20260429_18z_l2_72h_20260524T204451Z/wrfout_d02_2026-04-30_08:00:00
2026-04-30T08:00:00+00:00,14,PSFC,OK,8344,46.10359780887819,-20.01923631501678,38.542304912212366,80.44296874999999,100.25109375,210.703125,0.9998774370990384,1.0,"[56, 149]","[56, 149]",,/mnt/data/canairy_meteo/runs/wrf_l2_backfill_output/20260429_18z_l2_72h_20260524T204451Z/wrfout_d02_2026-04-30_08:00:00,/tmp/v0120_powered_tost_runs/l2_d02_20260429_18z_l2_72h_20260524T204451Z/wrfout_d02_2026-04-30_08:00:00
2026-04-30T08:00:00+00:00,14,RAINNC,OK,8344,0.01156846296190339,-0.0011023295399056263,0.0012384817838129944,0.000858525268267839,0.02867067812010641,0.2593235969543457,0.012285442580195384,1.0,"[56, 149]","[56, 149]",,/mnt/data/canairy_meteo/runs/wrf_l2_backfill_output/20260429_18z_l2_72h_20260524T204451Z/wrfout_d02_2026-04-30_08:00:00,/tmp/v0120_powered_tost_runs/l2_d02_20260429_18z_l2_72h_20260524T204451Z/wrfout_d02_2026-04-30_08:00:00
2026-04-30T08:00:00+00:00,14,T,OK,367136,4.816585564923817,-0.7712805409756885,3.573590474962866,11.064125061035156,12.92960357666016,15.45660400390625,0.9981560562834696,1.0,"[44, 56, 149]","[44, 56, 149]",,/mnt/data/canairy_meteo/runs/wrf_l2_backfill_output/20260429_18z_l2_72h_20260524T204451Z/wrfout_d02_2026-04-30_08:00:00,/tmp/v0120_powered_tost_runs/l2_d02_20260429_18z_l2_72h_20260524T204451Z/wrfout_d02_2026-04-30_08:00:00
2026-04-30T08:00:00+00:00,14,U,OK,369600,2.7008030996091508,-1.2618058835584158,2.1876330792806407,5.110333061218261,6.772313950657846,8.727370738983154,0.9762614597933715,1.0,"[44, 56, 150]","[44, 56, 150]",,/mnt/data/canairy_meteo/runs/wrf_l2_backfill_output/20260429_18z_l2_72h_20260524T204451Z/wrfout_d02_2026-04-30_08:00:00,/tmp/v0120_powered_tost_runs/l2_d02_20260429_18z_l2_72h_20260524T204451Z/wrfout_d02_2026-04-30_08:00:00
2026-04-30T08:00:00+00:00,14,V,OK,373692,10.028358701367447,4.4996383372315485,7.041775937782338,22.837041676044468,26.04773923039437,28.596336364746094,-0.17995282370385737,1.0,"[44, 57, 149]","[44, 57, 149]",,/mnt/data/canairy_meteo/runs/wrf_l2_backfill_output/20260429_18z_l2_72h_20260524T204451Z/wrfout_d02_2026-04-30_08:00:00,/tmp/v0120_powered_tost_runs/l2_d02_20260429_18z_l2_72h_20260524T204451Z/wrfout_d02_2026-04-30_08:00:00
2026-04-30T08:00:00+00:00,14,W,OK,375480,0.058350675614480006,0.005881460361048909,0.03700155460525575,0.11240238314494491,0.1899962205253542,1.4382248520851135,0.2997839995295359,1.0,"[45, 56, 149]","[45, 56, 149]",,/mnt/data/canairy_meteo/runs/wrf_l2_backfill_output/20260429_18z_l2_72h_20260524T204451Z/wrfout_d02_2026-04-30_08:00:00,/tmp/v0120_powered_tost_runs/l2_d02_20260429_18z_l2_72h_20260524T204451Z/wrfout_d02_2026-04-30_08:00:00
2026-04-30T09:00:00+00:00,15,T2,OK,8344,0.4531316645009991,0.09892718058190204,0.2624251785351469,0.9181594848632811,2.186434631347651,3.15008544921875,0.9375891975830305,1.0,"[56, 149]","[56, 149]",,/mnt/data/canairy_meteo/runs/wrf_l2_backfill_output/20260429_18z_l2_72h_20260524T204451Z/wrfout_d02_2026-04-30_09:00:00,/tmp/v0120_powered_tost_runs/l2_d02_20260429_18z_l2_72h_20260524T204451Z/wrfout_d02_2026-04-30_09:00:00
2026-04-30T09:00:00+00:00,15,U10,OK,8344,1.6340862945251635,-0.3063325220128183,1.206049359497329,3.4645844295620916,4.668358279466619,6.784481048583984,0.25642238567370024,1.0,"[56, 149]","[56, 149]",,/mnt/data/canairy_meteo/runs/wrf_l2_backfill_output/20260429_18z_l2_72h_20260524T204451Z/wrfout_d02_2026-04-30_09:00:00,/tmp/v0120_powered_tost_runs/l2_d02_20260429_18z_l2_72h_20260524T204451Z/wrfout_d02_2026-04-30_09:00:00
2026-04-30T09:00:00+00:00,15,V10,OK,8344,4.258447590399877,-3.8192861456862177,3.9280580824410283,6.1590415894985195,7.408846791982646,10.067380428314209,0.2928048351752449,1.0,"[56, 149]","[56, 149]",,/mnt/data/canairy_meteo/runs/wrf_l2_backfill_output/20260429_18z_l2_72h_20260524T204451Z/wrfout_d02_2026-04-30_09:00:00,/tmp/v0120_powered_tost_runs/l2_d02_20260429_18z_l2_72h_20260524T204451Z/wrfout_d02_2026-04-30_09:00:00
2026-04-30T09:00:00+00:00,15,PSFC,OK,8344,96.1559879039829,-83.20187222854746,84.23589929889741,158.81445312499997,173.787890625,199.5546875,0.9998310580742006,1.0,"[56, 149]","[56, 149]",,/mnt/data/canairy_meteo/runs/wrf_l2_backfill_output/20260429_18z_l2_72h_20260524T204451Z/wrfout_d02_2026-04-30_09:00:00,/tmp/v0120_powered_tost_runs/l2_d02_20260429_18z_l2_72h_20260524T204451Z/wrfout_d02_2026-04-30_09:00:00
2026-04-30T09:00:00+00:00,15,RAINNC,OK,8344,0.012468256913116014,-0.0012659968301467028,0.0014057759553318889,0.0013290264992974685,0.036158178274126755,0.266770601272583,0.010674326274316921,1.0,"[56, 149]","[56, 149]",,/mnt/data/canairy_meteo/runs/wrf_l2_backfill_output/20260429_18z_l2_72h_20260524T204451Z/wrfout_d02_2026-04-30_09:00:00,/tmp/v0120_powered_tost_runs/l2_d02_20260429_18z_l2_72h_20260524T204451Z/wrfout_d02_2026-04-30_09:00:00
2026-04-30T09:00:00+00:00,15,T,OK,367136,4.430920021305312,-0.70523707448766,3.2582687086000446,10.201171875,12.122996520996107,14.50311279296875,0.9984709629712646,1.0,"[44, 56, 149]","[44, 56, 149]",,/mnt/data/canairy_meteo/runs/wrf_l2_backfill_output/20260429_18z_l2_72h_20260524T204451Z/wrfout_d02_2026-04-30_09:00:00,/tmp/v0120_powered_tost_runs/l2_d02_20260429_18z_l2_72h_20260524T204451Z/wrfout_d02_2026-04-30_09:00:00
2026-04-30T09:00:00+00:00,15,U,OK,369600,2.880993183104749,-1.5393371275997882,2.344817670881517,5.318244791030883,7.671035099029542,9.141643524169922,0.9763355570359908,1.0,"[44, 56, 150]","[44, 56, 150]",,/mnt/data/canairy_meteo/runs/wrf_l2_backfill_output/20260429_18z_l2_72h_20260524T204451Z/wrfout_d02_2026-04-30_09:00:00,/tmp/v0120_powered_tost_runs/l2_d02_20260429_18z_l2_72h_20260524T204451Z/wrfout_d02_2026-04-30_09:00:00
2026-04-30T09:00:00+00:00,15,V,OK,373692,9.32708373340825,4.0731579113469705,6.6635827498526385,21.146072679758078,24.38271634578705,28.68960428237915,-0.19743378197811462,1.0,"[44, 57, 149]","[44, 57, 149]",,/mnt/data/canairy_meteo/runs/wrf_l2_backfill_output/20260429_18z_l2_72h_20260524T204451Z/wrfout_d02_2026-04-30_09:00:00,/tmp/v0120_powered_tost_runs/l2_d02_20260429_18z_l2_72h_20260524T204451Z/wrfout_d02_2026-04-30_09:00:00
2026-04-30T09:00:00+00:00,15,W,OK,375480,0.05243850832909864,0.005928046592041559,0.03334689500984812,0.09912416534498326,0.17563480122247713,1.369731992483139,0.3630889593348433,1.0,"[45, 56, 149]","[45, 56, 149]",,/mnt/data/canairy_meteo/runs/wrf_l2_backfill_output/20260429_18z_l2_72h_20260524T204451Z/wrfout_d02_2026-04-30_09:00:00,/tmp/v0120_powered_tost_runs/l2_d02_20260429_18z_l2_72h_20260524T204451Z/wrfout_d02_2026-04-30_09:00:00
